{
  "state": "Andhra Pradesh",
  "meta": {
    "title": "Public Holidays in Andhra Pradesh 2026 | State Holiday List",
    "description": "Check the complete list of holidays in Andhra Pradesh, Including national, state, and optional holidays for payroll and leave planning."
  },
  "h1": "Andhra Pradesh Public Holidays List 2026",
  "para": "Holidays are spread through different regions, calendars and ethnicities; In Andhra Pradesh they play a critical role in shaping workforce planning and operational continuity. Holidays influence attendance, staffing requirements, and employee expectations throughout the year. Many organizations operate from multiple locations and not only from Andhra Pradesh which makes managing public holidays difficult, especially when it varies from region to region. Tackling public holidays is essential to ensure fairness, compliance, and consistency, while balancing business needs with employee well-being.",
  "holidays": [
    {
      "date": "Date",
      "day": "Day",
      "name": "Holiday",
      "type": "Holiday Type"
    },
    {
      "date": "Jan 15",
      "day": "Thursday",
      "name": "Makara Sankranti",
      "type": "General Holiday"
    },
    {
      "date": "Jan 26",
      "day": "Monday",
      "name": "Republic Day",
      "type": "General Holiday"
    },
    {
      "date": "Feb 15",
      "day": "Sunday",
      "name": "Maha Sivaratri",
      "type": "General Holiday"
    },
    {
      "date": "Mar 3",
      "day": "Tuesday",
      "name": "Holi",
      "type": "General Holiday"
    },
    {
      "date": "Mar 19",
      "day": "Thursday",
      "name": "Ugadi",
      "type": "General Holiday"
    },
    {
      "date": "Mar 20",
      "day": "Friday",
      "name": "Eid-ul-Fitr (Ramzan)",
      "type": "General Holiday"
    },
    {
      "date": "Mar 27",
      "day": "Friday",
      "name": "Sri Rama Navami",
      "type": "General Holiday"
    },
    {
      "date": "Apr 1",
      "day": "Wednesday",
      "name": "Annual Closing Day",
      "type": "General Holiday"
    },
    {
      "date": "Apr 3",
      "day": "Friday",
      "name": "Good Friday",
      "type": "General Holiday"
    },
    {
      "date": "Apr 14",
      "day": "Tuesday",
      "name": "Dr. B.R. Ambedkar's Birthday",
      "type": "General Holiday"
    },
    {
      "date": "May 1",
      "day": "Friday",
      "name": "May Day",
      "type": "General Holiday"
    },
    {
      "date": "May 27",
      "day": "Wednesday",
      "name": "Eid-ul-Adha (Bakrid)",
      "type": "General Holiday"
    },
    {
      "date": "Jun 25",
      "day": "Thursday",
      "name": "Moharrum (Shahadat Imam Hussain RA)",
      "type": "General Holiday"
    },
    {
      "date": "Aug 15",
      "day": "Saturday",
      "name": "Independence Day",
      "type": "General Holiday"
    },
    {
      "date": "Aug 25",
      "day": "Tuesday",
      "name": "Milad-un-Nabi (SAWS)",
      "type": "General Holiday"
    },
    {
      "date": "Sep 4",
      "day": "Friday",
      "name": "Sri Krishna Ashtami",
      "type": "General Holiday"
    },
    {
      "date": "Sep 14",
      "day": "Monday",
      "name": "Vinayaka Chavithi",
      "type": "General Holiday"
    },
    {
      "date": "Oct 2",
      "day": "Friday",
      "name": "Mahatma Gandhi Jayanti",
      "type": "General Holiday"
    },
    {
      "date": "Oct 20",
      "day": "Tuesday",
      "name": "Vijaya Dasami",
      "type": "General Holiday"
    },
    {
      "date": "Nov 8",
      "day": "Sunday",
      "name": "Deepavali",
      "type": "General Holiday"
    },
    {
      "date": "Dec 25",
      "day": "Friday",
      "name": "Christmas",
      "type": "General Holiday"
    }
  ],
  "pdf": "https://www.datocms-assets.com/40521/1765193621-andhra-pradesh-state-list-of-holidays-2026.pdf"
}
