{
  "state": "Assam",
  "meta": {
    "title": "Public Holidays in Assam 2026 | State Holiday List",
    "description": "Check the complete list of holidays in Assam, Including national, state, and optional holidays for payroll and leave planning."
  },
  "h1": "Assam Public Holidays List 2026",
  "para": "Holidays are spread through different regions, calendars and ethnicities; In Assam they play a critical role in shaping workforce planning and operational continuity. Holidays influence attendance, staffing requirements, and employee expectations throughout the year. Many organizations operate from multiple locations and not only from Assam which makes managing public holidays difficult, especially when it varies from region to region. Tackling public holidays is essential to ensure fairness, compliance, and consistency, while balancing business needs with employee well-being.",
  "holidays": [
    {
      "date": "Date",
      "day": "Day",
      "name": "Holiday",
      "type": "Holiday Type"
    },
    {
      "date": "Jan 14",
      "day": "Wednesday",
      "name": "Magh Bihu & Tusu Puja",
      "type": "Regional"
    },
    {
      "date": "Jan 15",
      "day": "Thursday",
      "name": "Magh Bihu & Tusu Puja",
      "type": "Regional"
    },
    {
      "date": "Jan 23",
      "day": "Friday",
      "name": "Netaji's Birthday",
      "type": "Regional"
    },
    {
      "date": "Jan 26",
      "day": "Monday",
      "name": "Republic Day",
      "type": "National"
    },
    {
      "date": "Jan 27",
      "day": "Tuesday",
      "name": "Gwthar Bathou San",
      "type": "Regional"
    },
    {
      "date": "Jan 31",
      "day": "Saturday",
      "name": "Me-Dam-Me-Phi",
      "type": "Regional"
    },
    {
      "date": "Feb 1",
      "day": "Sunday",
      "name": "Bir Chilaray Divas",
      "type": "Regional"
    },
    {
      "date": "Mar 3",
      "day": "Tuesday",
      "name": "Dol Jatra",
      "type": "Regional"
    },
    {
      "date": "Mar 21",
      "day": "Saturday",
      "name": "Id-Ul-Fitr",
      "type": "Regional"
    },
    {
      "date": "Apr 3",
      "day": "Friday",
      "name": "Good Friday",
      "type": "Regional"
    },
    {
      "date": "Apr 14",
      "day": "Tuesday",
      "name": "Bohag Bihu",
      "type": "Regional"
    },
    {
      "date": "Apr 15",
      "day": "Wednesday",
      "name": "Bohag Bihu",
      "type": "Regional"
    },
    {
      "date": "Apr 16",
      "day": "Thursday",
      "name": "Bohag Bihu",
      "type": "Regional"
    },
    {
      "date": "Apr 18",
      "day": "Saturday",
      "name": "Tithi of Damodar Deva",
      "type": "Regional"
    },
    {
      "date": "Apr 21",
      "day": "Tuesday",
      "name": "Sati Sadhini Divas",
      "type": "Regional"
    },
    {
      "date": "May 1",
      "day": "Friday",
      "name": "May Day & Budha Purnima",
      "type": "Regional"
    },
    {
      "date": "May 27",
      "day": "Wednesday",
      "name": "Id-ul-Zuha",
      "type": "Regional"
    },
    {
      "date": "Jun 1",
      "day": "Monday",
      "name": "Janmotsav of Sri Sri Madhabdeva",
      "type": "Regional"
    },
    {
      "date": "Aug 15",
      "day": "Saturday",
      "name": "Independence Day",
      "type": "National"
    },
    {
      "date": "Sep 1",
      "day": "Tuesday",
      "name": "Tirubhav Tithi of Sri Sri Madhabdeva",
      "type": "Regional"
    },
    {
      "date": "Sep 4",
      "day": "Friday",
      "name": "Janmastami",
      "type": "Regional"
    },
    {
      "date": "Sep 12",
      "day": "Saturday",
      "name": "Tirubhav Tithi of Srimanta Sankardeva",
      "type": "Regional"
    },
    {
      "date": "Sep 21",
      "day": "Monday",
      "name": "Janmotsav of Srimanta Sankardeva",
      "type": "Regional"
    },
    {
      "date": "Sep 22",
      "day": "Tuesday",
      "name": "Karam Puja",
      "type": "Regional"
    },
    {
      "date": "Oct 2",
      "day": "Friday",
      "name": "Gandhi Jayanti",
      "type": "National"
    },
    {
      "date": "Oct 18",
      "day": "Sunday",
      "name": "Kati Bihu & Durga Puja",
      "type": "Regional"
    },
    {
      "date": "Oct 19",
      "day": "Monday",
      "name": "Kati Bihu & Durga Puja",
      "type": "Regional"
    },
    {
      "date": "Oct 20",
      "day": "Tuesday",
      "name": "Durga Puja & Vijayadasami",
      "type": "Regional"
    },
    {
      "date": "Oct 21",
      "day": "Wednesday",
      "name": "Durga Puja & Vijayadasami",
      "type": "Regional"
    },
    {
      "date": "Nov 8",
      "day": "Sunday",
      "name": "Kali Puja & Diwali",
      "type": "Regional"
    },
    {
      "date": "Nov 11",
      "day": "Wednesday",
      "name": "Bhatri Dwitiya",
      "type": "Regional"
    },
    {
      "date": "Nov 15",
      "day": "Sunday",
      "name": "Chhath Puja",
      "type": "Regional"
    },
    {
      "date": "Nov 24",
      "day": "Tuesday",
      "name": "Guru Nanak's Birthday & Lachit Divas",
      "type": "Regional"
    },
    {
      "date": "Dec 2",
      "day": "Wednesday",
      "name": "Asom Divas (Su-Ka-Pha-Divas)",
      "type": "Regional"
    },
    {
      "date": "Dec 25",
      "day": "Friday",
      "name": "Christmas",
      "type": "Regional"
    }
  ],
  "pdf": "https://www.datocms-assets.com/40521/1764178563-assam-state-list-of-holidays-2026.pdf"
}
