{
  "state": "Bihar",
  "meta": {
    "title": "Public Holidays in Bihar 2026 | State Holiday List",
    "description": "Check the complete list of holidays in Bihar, Including national, state, and optional holidays for payroll and leave planning."
  },
  "h1": "Bihar Public Holidays List 2026",
  "para": "Holidays are spread through different regions, calendars and ethnicities; In Bihar they play a critical role in shaping workforce planning and operational continuity. Holidays influence attendance, staffing requirements, and employee expectations throughout the year. Many organizations operate from multiple locations and not only from Bihar which makes managing public holidays difficult, especially when it varies from region to region. Tackling public holidays is essential to ensure fairness, compliance, and consistency, while balancing business needs with employee well-being.",
  "holidays": [
    {
      "date": "Date",
      "day": "Day",
      "name": "Holiday",
      "type": "Holiday Type"
    },
    {
      "date": "Jan 1",
      "day": "Thursday",
      "name": "New Year",
      "type": "Optional"
    },
    {
      "date": "Jan 14",
      "day": "Wednesday",
      "name": "Makar Sankranti",
      "type": "Regional"
    },
    {
      "date": "Jan 23",
      "day": "Friday",
      "name": "Vasant Panchmi",
      "type": "Regional"
    },
    {
      "date": "Jan 24",
      "day": "Saturday",
      "name": "Karpoori Thakur Jayanti",
      "type": "Regional"
    },
    {
      "date": "Jan 26",
      "day": "Monday",
      "name": "Republic Day",
      "type": "National"
    },
    {
      "date": "Feb 1",
      "day": "Sunday",
      "name": "Sant Ravidas Jayanti",
      "type": "Regional"
    },
    {
      "date": "Feb 4",
      "day": "Wednesday",
      "name": "Shab-e-barat",
      "type": "Regional"
    },
    {
      "date": "Feb 16",
      "day": "Monday",
      "name": "Mahashivratri",
      "type": "Regional"
    },
    {
      "date": "Mar 2",
      "day": "Monday",
      "name": "Ramzan",
      "type": "Regional"
    },
    {
      "date": "Mar 2",
      "day": "Monday",
      "name": "Holi ka Dahan",
      "type": "Regional"
    },
    {
      "date": "Mar 3",
      "day": "Tuesday",
      "name": "Holi",
      "type": "Regional"
    },
    {
      "date": "Mar 21",
      "day": "Saturday",
      "name": "Eid-ul-Fitr",
      "type": "Regional"
    },
    {
      "date": "Mar 22",
      "day": "Sunday",
      "name": "Eid-ul-Fitr",
      "type": "Regional"
    },
    {
      "date": "Mar 26",
      "day": "Thursday",
      "name": "Ashoka Ashtami",
      "type": "Regional"
    },
    {
      "date": "Apr 3",
      "day": "Friday",
      "name": "Mahavir Jayanti",
      "type": "Regional"
    },
    {
      "date": "Apr 3",
      "day": "Friday",
      "name": "Good Friday",
      "type": "Regional"
    },
    {
      "date": "Apr 14",
      "day": "Tuesday",
      "name": "Bhimrao Ambedkar Jayanti",
      "type": "Regional"
    },
    {
      "date": "Apr 23",
      "day": "Thursday",
      "name": "Veer Kunwar Singh Jayanti",
      "type": "Regional"
    },
    {
      "date": "Apr 25",
      "day": "Saturday",
      "name": "Janaki Navami",
      "type": "Regional"
    },
    {
      "date": "Apr 27",
      "day": "Monday",
      "name": "Ram Navami",
      "type": "Regional"
    },
    {
      "date": "May 1",
      "day": "Friday",
      "name": "Buddha Purnima",
      "type": "Regional"
    },
    {
      "date": "May 1",
      "day": "Friday",
      "name": "May Day",
      "type": "Regional"
    },
    {
      "date": "May 28",
      "day": "Thursday",
      "name": "Bakri-Eid",
      "type": "Regional"
    },
    {
      "date": "Jun 18",
      "day": "Thursday",
      "name": "Anugrah Narayan Sinha Jayanti",
      "type": "Regional"
    },
    {
      "date": "Jun 26",
      "day": "Friday",
      "name": "Muharram",
      "type": "Regional"
    },
    {
      "date": "Jun 27",
      "day": "Saturday",
      "name": "Muharram",
      "type": "Regional"
    },
    {
      "date": "Jun 29",
      "day": "Monday",
      "name": "Kabir Jayanti",
      "type": "Regional"
    },
    {
      "date": "Aug 4",
      "day": "Tuesday",
      "name": "Chehallum",
      "type": "Regional"
    },
    {
      "date": "Aug 15",
      "day": "Saturday",
      "name": "Independence Day",
      "type": "National"
    },
    {
      "date": "Aug 24",
      "day": "Monday",
      "name": "Monday Shravana",
      "type": "Regional"
    },
    {
      "date": "Aug 28",
      "day": "Friday",
      "name": "Hazrat Muhammad Sahib Bday",
      "type": "Regional"
    },
    {
      "date": "Aug 28",
      "day": "Friday",
      "name": "Raksha Bandhan",
      "type": "Regional"
    },
    {
      "date": "Sep 4",
      "day": "Friday",
      "name": "Krishna Janmashtami",
      "type": "Regional"
    },
    {
      "date": "Sep 14",
      "day": "Monday",
      "name": "Haritalika Teej Festival",
      "type": "Regional"
    },
    {
      "date": "Sep 17",
      "day": "Thursday",
      "name": "Vishwakarma Puja",
      "type": "Regional"
    },
    {
      "date": "Oct 2",
      "day": "Friday",
      "name": "Mahatma Gandhi Jayanti",
      "type": "National"
    },
    {
      "date": "Oct 4",
      "day": "Sunday",
      "name": "Jivitputrika Fast",
      "type": "Regional"
    },
    {
      "date": "Oct 11",
      "day": "Sunday",
      "name": "Jayaprakash Narayan Jayanti",
      "type": "Regional"
    },
    {
      "date": "Oct 14",
      "day": "Wednesday",
      "name": "Chhath Puja",
      "type": "Regional"
    },
    {
      "date": "Oct 17",
      "day": "Saturday",
      "name": "Durga Pooja Saptami",
      "type": "Regional"
    },
    {
      "date": "Oct 18",
      "day": "Sunday",
      "name": "Durga Puja",
      "type": "Regional"
    },
    {
      "date": "Oct 19",
      "day": "Monday",
      "name": "Durga Puja",
      "type": "Regional"
    },
    {
      "date": "Oct 21",
      "day": "Wednesday",
      "name": "Krishna Singh Jayanti",
      "type": "Regional"
    },
    {
      "date": "Oct 21",
      "day": "Wednesday",
      "name": "Durga Puja (Ekadasi)",
      "type": "Regional"
    },
    {
      "date": "Nov 8",
      "day": "Sunday",
      "name": "Diwali",
      "type": "Regional"
    },
    {
      "date": "Nov 10",
      "day": "Tuesday",
      "name": "Bhai Dooj / Chitragupta Pooja",
      "type": "Regional"
    },
    {
      "date": "Nov 15",
      "day": "Sunday",
      "name": "Chhath Puja",
      "type": "Regional"
    },
    {
      "date": "Nov 16",
      "day": "Monday",
      "name": "Chhath Puja",
      "type": "Regional"
    },
    {
      "date": "Dec 3",
      "day": "Thursday",
      "name": "Rajendra Prasad Jayanti",
      "type": "Regional"
    },
    {
      "date": "Dec 24",
      "day": "Thursday",
      "name": "Christmas Eve",
      "type": "Regional"
    },
    {
      "date": "Dec 25",
      "day": "Friday",
      "name": "Christmas",
      "type": "Regional"
    }
  ],
  "pdf": "https://www.datocms-assets.com/40521/1764178548-bihar-state-list-of-holidays-2026.pdf"
}
