{
  "state": "Chhattisgarh",
  "meta": {
    "title": "Public Holidays in Chhattisgarh 2026 | State Holiday List",
    "description": "Check the complete list of holidays in Chhattisgarh, Including national, state, and optional holidays for payroll and leave planning."
  },
  "h1": "Chhattisgarh Public Holidays List 2026",
  "para": "Holidays are spread through different regions, calendars and ethnicities; In Chhattisgarh they play a critical role in shaping workforce planning and operational continuity. Holidays influence attendance, staffing requirements, and employee expectations throughout the year. Many organizations operate from multiple locations and not only from Chhattisgarh which makes managing public holidays difficult, especially when it varies from region to region. Tackling public holidays is essential to ensure fairness, compliance, and consistency, while balancing business needs with employee well-being.",
  "holidays": [
    {
      "date": "Date",
      "day": "Day",
      "name": "Holiday",
      "type": "Holiday Type"
    },
    {
      "date": "Jan 1",
      "day": "Thursday",
      "name": "New Years",
      "type": "Regional"
    },
    {
      "date": "Jan 3",
      "day": "Saturday",
      "name": "Maa Shakmbhari Jayanti & Cherchera",
      "type": "Regional"
    },
    {
      "date": "Jan 3",
      "day": "Saturday",
      "name": "Birthday of Hazarat Ali",
      "type": "Regional"
    },
    {
      "date": "Jan 3",
      "day": "Saturday",
      "name": "Cherchera Punni/Mata Shakambhari Jayanti",
      "type": "Regional"
    },
    {
      "date": "Jan 7",
      "day": "Wednesday",
      "name": "Savitribai Phule Jayanti",
      "type": "Regional"
    },
    {
      "date": "Jan 7",
      "day": "Wednesday",
      "name": "Rajim Bhaktin Mata Jayanti",
      "type": "Regional"
    },
    {
      "date": "Jan 10",
      "day": "Saturday",
      "name": "World Hindi Day",
      "type": "Regional"
    },
    {
      "date": "Jan 14",
      "day": "Wednesday",
      "name": "Makar Sankranti/Pongal",
      "type": "Regional"
    },
    {
      "date": "Jan 20",
      "day": "Tuesday",
      "name": "Shaheed Gaindsingh Shahadat Diwas",
      "type": "Regional"
    },
    {
      "date": "Jan 23",
      "day": "Friday",
      "name": "Basant Panchmi / Maa Parmeshwari Jayanti",
      "type": "Regional"
    },
    {
      "date": "Jan 23",
      "day": "Friday",
      "name": "Netaji Subhash Chandra Bose Jayanti",
      "type": "Regional"
    },
    {
      "date": "Jan 26",
      "day": "Monday",
      "name": "Republic Day",
      "type": "National"
    },
    {
      "date": "Feb 3",
      "day": "Tuesday",
      "name": "Shab-e-Barat",
      "type": "Regional"
    },
    {
      "date": "Feb 12",
      "day": "Thursday",
      "name": "Maharshi Dayanand Saraswati Jayanti",
      "type": "Regional"
    },
    {
      "date": "Feb 19",
      "day": "Thursday",
      "name": "Chhatrapati Shivaji Jayanti",
      "type": "Regional"
    },
    {
      "date": "Mar 3",
      "day": "Tuesday",
      "name": "Holi (Holika Dahan)",
      "type": "Regional"
    },
    {
      "date": "Mar 4",
      "day": "Wednesday",
      "name": "Holi",
      "type": "Regional"
    },
    {
      "date": "Mar 5",
      "day": "Thursday",
      "name": "Bhai-Dooj (Holi)",
      "type": "Regional"
    },
    {
      "date": "Mar 19",
      "day": "Thursday",
      "name": "Gudi Padwa",
      "type": "Regional"
    },
    {
      "date": "Mar 20",
      "day": "Friday",
      "name": "Jamat-ul-Vida",
      "type": "Regional"
    },
    {
      "date": "Mar 20",
      "day": "Friday",
      "name": "Veerangana Avantibai's Sacrifice Day",
      "type": "Regional"
    },
    {
      "date": "Mar 20",
      "day": "Friday",
      "name": "Chetrichand",
      "type": "Regional"
    },
    {
      "date": "Mar 21",
      "day": "Saturday",
      "name": "Eid-ul-Fitr",
      "type": "Regional"
    },
    {
      "date": "Mar 23",
      "day": "Monday",
      "name": "Guha Nishadraj Jayanti",
      "type": "Regional"
    },
    {
      "date": "Mar 26",
      "day": "Thursday",
      "name": "Ram Navami",
      "type": "Regional"
    },
    {
      "date": "Mar 31",
      "day": "Tuesday",
      "name": "Mahavir Jayanti",
      "type": "Regional"
    },
    {
      "date": "Apr 1",
      "day": "Wednesday",
      "name": "Annual Account of Closing for Banks",
      "type": "Regional"
    },
    {
      "date": "Apr 1",
      "day": "Wednesday",
      "name": "Hatkeshwar Jayanti",
      "type": "Regional"
    },
    {
      "date": "Apr 2",
      "day": "Thursday",
      "name": "Dharti Pooja (Khaddi Parv)",
      "type": "Regional"
    },
    {
      "date": "Apr 3",
      "day": "Friday",
      "name": "Good Friday",
      "type": "Regional"
    },
    {
      "date": "Apr 13",
      "day": "Monday",
      "name": "Shrimad Vallabhacharya Jayanti",
      "type": "Regional"
    },
    {
      "date": "Apr 14",
      "day": "Tuesday",
      "name": "Vaisakhi",
      "type": "Regional"
    },
    {
      "date": "Apr 14",
      "day": "Tuesday",
      "name": "Sen Jayanti",
      "type": "Regional"
    },
    {
      "date": "Apr 14",
      "day": "Tuesday",
      "name": "Ambedkar Jayanti",
      "type": "Regional"
    },
    {
      "date": "Apr 20",
      "day": "Monday",
      "name": "Parshuram Jayanti",
      "type": "Regional"
    },
    {
      "date": "Apr 22",
      "day": "Wednesday",
      "name": "Shankaracharya Jayanti",
      "type": "Regional"
    },
    {
      "date": "May 1",
      "day": "Friday",
      "name": "Buddha Purnima",
      "type": "Regional"
    },
    {
      "date": "May 27",
      "day": "Wednesday",
      "name": "Wid-ul-Juha (Bakrid)",
      "type": "Regional"
    },
    {
      "date": "Jun 17",
      "day": "Wednesday",
      "name": "Chhatrasal Jayanti / Maharana Pratap Jayanti",
      "type": "Regional"
    },
    {
      "date": "Jun 23",
      "day": "Tuesday",
      "name": "Mahesh Navami (Jyeshtha Shukla-9)",
      "type": "Regional"
    },
    {
      "date": "Jun 24",
      "day": "Wednesday",
      "name": "Veerangana Durgavati Sacrifice Day",
      "type": "Regional"
    },
    {
      "date": "Jun 26",
      "day": "Friday",
      "name": "Muharram",
      "type": "Regional"
    },
    {
      "date": "Jun 29",
      "day": "Monday",
      "name": "Kabir Jayanti",
      "type": "Regional"
    },
    {
      "date": "Jul 16",
      "day": "Thursday",
      "name": "Rathyatra",
      "type": "Regional"
    },
    {
      "date": "Aug 12",
      "day": "Wednesday",
      "name": "Hareli",
      "type": "Regional"
    },
    {
      "date": "Aug 15",
      "day": "Saturday",
      "name": "Independence Day",
      "type": "National"
    },
    {
      "date": "Aug 15",
      "day": "Saturday",
      "name": "Parsi New Year",
      "type": "Regional"
    },
    {
      "date": "Aug 17",
      "day": "Monday",
      "name": "Nag Panchami",
      "type": "Regional"
    },
    {
      "date": "Aug 26",
      "day": "Wednesday",
      "name": "Eid-e-Milad (Milad Un Nabi)",
      "type": "Regional"
    },
    {
      "date": "Aug 26",
      "day": "Wednesday",
      "name": "Onam",
      "type": "Regional"
    },
    {
      "date": "Aug 28",
      "day": "Friday",
      "name": "Raksha Bandhan",
      "type": "Regional"
    },
    {
      "date": "Sep 2",
      "day": "Wednesday",
      "name": "Harchhath",
      "type": "Regional"
    },
    {
      "date": "Sep 4",
      "day": "Friday",
      "name": "Krishna Janmashtami",
      "type": "Regional"
    },
    {
      "date": "Sep 10",
      "day": "Thursday",
      "name": "Pola",
      "type": "Regional"
    },
    {
      "date": "Sep 14",
      "day": "Monday",
      "name": "Ganesh Chaturthi",
      "type": "Regional"
    },
    {
      "date": "Sep 14",
      "day": "Monday",
      "name": "Haritalika (Teej Festival)",
      "type": "Regional"
    },
    {
      "date": "Sep 17",
      "day": "Thursday",
      "name": "Vishwakarma Jayanti",
      "type": "Regional"
    },
    {
      "date": "Sep 18",
      "day": "Friday",
      "name": "Nawakhai",
      "type": "Regional"
    },
    {
      "date": "Sep 22",
      "day": "Tuesday",
      "name": "Dhol Gyaras",
      "type": "Regional"
    },
    {
      "date": "Sep 25",
      "day": "Friday",
      "name": "Anant Chaturdashi",
      "type": "Regional"
    },
    {
      "date": "Oct 1",
      "day": "Thursday",
      "name": "Saiyedna Saheb Ji Birthday",
      "type": "Regional"
    },
    {
      "date": "Oct 2",
      "day": "Friday",
      "name": "Mahatma Gandhi Jayanti",
      "type": "National"
    },
    {
      "date": "Oct 9",
      "day": "Friday",
      "name": "Prannath Jayanti",
      "type": "Regional"
    },
    {
      "date": "Oct 10",
      "day": "Saturday",
      "name": "Sarva Pitru Moksha Amavasya",
      "type": "Regional"
    },
    {
      "date": "Oct 19",
      "day": "Monday",
      "name": "Dussehra (Maha Ashtami)",
      "type": "Regional"
    },
    {
      "date": "Oct 20",
      "day": "Tuesday",
      "name": "Dussehra (Vijayadasami)",
      "type": "Regional"
    },
    {
      "date": "Oct 20",
      "day": "Tuesday",
      "name": "Dussehra (Maha Navami)",
      "type": "Regional"
    },
    {
      "date": "Oct 26",
      "day": "Monday",
      "name": "Maharshi Valmiki Jayanti",
      "type": "Regional"
    },
    {
      "date": "Oct 29",
      "day": "Thursday",
      "name": "Karwa Chauth Fast",
      "type": "Regional"
    },
    {
      "date": "Nov 7",
      "day": "Saturday",
      "name": "Deepawali (South Indian)",
      "type": "Regional"
    },
    {
      "date": "Nov 9",
      "day": "Monday",
      "name": "Deepawali's Second Day (Govardhan Pooja)",
      "type": "Regional"
    },
    {
      "date": "Nov 11",
      "day": "Wednesday",
      "name": "Bhai Dooj",
      "type": "Regional"
    },
    {
      "date": "Nov 16",
      "day": "Monday",
      "name": "Bhagwan Sahastrabahu Jayanti",
      "type": "Regional"
    },
    {
      "date": "Nov 20",
      "day": "Friday",
      "name": "Namdev Jayanti",
      "type": "Regional"
    },
    {
      "date": "Nov 24",
      "day": "Tuesday",
      "name": "Guru Nanak's Birthday",
      "type": "Regional"
    },
    {
      "date": "Dec 10",
      "day": "Thursday",
      "name": "Shaheed Veer Narayan Singh Sacrifice Day",
      "type": "Regional"
    },
    {
      "date": "Dec 14",
      "day": "Monday",
      "name": "Guru Tegh Bahadur's Martyrdom Day",
      "type": "Regional"
    },
    {
      "date": "Dec 18",
      "day": "Friday",
      "name": "Guru Ghasidas Jayanti",
      "type": "Regional"
    },
    {
      "date": "Dec 23",
      "day": "Wednesday",
      "name": "Dattatreya Jayanti",
      "type": "Regional"
    },
    {
      "date": "Dec 25",
      "day": "Friday",
      "name": "Christmas Day",
      "type": "Regional"
    }
  ],
  "pdf": "https://www.datocms-assets.com/40521/1764178564-chhattisgarh-state-list-of-holidays-2026.pdf"
}
