{
  "state": "Goa",
  "meta": {
    "title": "Public Holidays in Goa 2026 | State Holiday List",
    "description": "Check the complete list of holidays in Goa, Including national, state, and optional holidays for payroll and leave planning."
  },
  "h1": "Goa Public Holidays List 2026",
  "para": "Holidays are spread through different regions, calendars and ethnicities; In Goa they play a critical role in shaping workforce planning and operational continuity. Holidays influence attendance, staffing requirements, and employee expectations throughout the year. Many organizations operate from multiple locations and not only from Goa which makes managing public holidays difficult, especially when it varies from region to region. Tackling public holidays is essential to ensure fairness, compliance, and consistency, while balancing business needs with employee well-being.",
  "holidays": [
    {
      "date": "Date",
      "day": "Day",
      "name": "Holiday",
      "type": "Holiday Type"
    },
    {
      "date": "Jan 1",
      "day": "Thursday",
      "name": "New Year Day",
      "type": "Optional"
    },
    {
      "date": "Jan 26",
      "day": "Monday",
      "name": "Republic Day",
      "type": "National"
    },
    {
      "date": "Feb 15",
      "day": "Sunday",
      "name": "Mahashivratri",
      "type": "Regional"
    },
    {
      "date": "Mar 3",
      "day": "Tuesday",
      "name": "Holi",
      "type": "Regional"
    },
    {
      "date": "Mar 19",
      "day": "Thursday",
      "name": "Gudi Padwa",
      "type": "Regional"
    },
    {
      "date": "Mar 21",
      "day": "Saturday",
      "name": "Id-Ul-Fitr",
      "type": "Regional"
    },
    {
      "date": "Mar 26",
      "day": "Thursday",
      "name": "Ram Navami",
      "type": "Regional"
    },
    {
      "date": "Apr 1",
      "day": "Wednesday",
      "name": "Yearly Closing of Accounts",
      "type": "Regional"
    },
    {
      "date": "Apr 3",
      "day": "Friday",
      "name": "Good Friday",
      "type": "Regional"
    },
    {
      "date": "Apr 14",
      "day": "Tuesday",
      "name": "Ambedkar Jayanti",
      "type": "Regional"
    },
    {
      "date": "May 1",
      "day": "Friday",
      "name": "May Day",
      "type": "National"
    },
    {
      "date": "May 28",
      "day": "Thursday",
      "name": "Bakrid",
      "type": "Regional"
    },
    {
      "date": "Aug 15",
      "day": "Saturday",
      "name": "Independence Day",
      "type": "National"
    },
    {
      "date": "Aug 25",
      "day": "Tuesday",
      "name": "Milad-Un-Nabi (Id-e-Milad)",
      "type": "Regional"
    },
    {
      "date": "Sep 14",
      "day": "Monday",
      "name": "Ganesh Chaturthi",
      "type": "Regional"
    },
    {
      "date": "Sep 15",
      "day": "Tuesday",
      "name": "Ganesh Chaturthi (2nd Day)",
      "type": "Regional"
    },
    {
      "date": "Oct 2",
      "day": "Friday",
      "name": "Gandhi Jayanti",
      "type": "National"
    },
    {
      "date": "Oct 20",
      "day": "Tuesday",
      "name": "Dussehra (Vijaya Dasami)",
      "type": "Regional"
    },
    {
      "date": "Nov 8",
      "day": "Sunday",
      "name": "Deepawali",
      "type": "Regional"
    },
    {
      "date": "Dec 3",
      "day": "Thursday",
      "name": "Feast of St. Francis Xavier",
      "type": "Regional"
    },
    {
      "date": "Dec 19",
      "day": "Saturday",
      "name": "Goa Liberation Day",
      "type": "Regional"
    },
    {
      "date": "Dec 25",
      "day": "Friday",
      "name": "Christmas",
      "type": "Regional"
    }
  ],
  "pdf": "https://www.datocms-assets.com/40521/1764178563-goa-state-list-of-holidays-2026.pdf"
}
