{
  "state": "Himachal Pradesh",
  "meta": {
    "title": "Public Holidays in Himachal Pradesh 2026 | State Holiday List",
    "description": "Check the complete list of holidays in Himachal Pradesh, Including national, state, and optional holidays for payroll and leave planning."
  },
  "h1": "Himachal Pradesh Public Holidays List 2026",
  "para": "Holidays are spread through different regions, calendars and ethnicities; In Himachal Pradesh they play a critical role in shaping workforce planning and operational continuity. Holidays influence attendance, staffing requirements, and employee expectations throughout the year. Many organizations operate from multiple locations and not only from Himachal Pradesh which makes managing public holidays difficult, especially when it varies from region to region. Tackling public holidays is essential to ensure fairness, compliance, and consistency, while balancing business needs with employee well-being.",
  "holidays": [
    {
      "date": "Date",
      "day": "Day",
      "name": "Holiday",
      "type": "Holiday Type"
    },
    {
      "date": "Jan 1",
      "day": "Thursday",
      "name": "New Year's Day",
      "type": "Restricted"
    },
    {
      "date": "Jan 14",
      "day": "Wednesday",
      "name": "Makar Sankranti",
      "type": "Regional"
    },
    {
      "date": "Jan 23",
      "day": "Friday",
      "name": "Basant Panchami / Siraji",
      "type": "Restricted"
    },
    {
      "date": "Jan 26",
      "day": "Monday",
      "name": "Republic Day",
      "type": "National"
    },
    {
      "date": "Feb 1",
      "day": "Sunday",
      "name": "Guru Ravidas' Birthday",
      "type": "Regional"
    },
    {
      "date": "Feb 15",
      "day": "Sunday",
      "name": "Maha Shivaratri",
      "type": "Regional"
    },
    {
      "date": "Feb 20",
      "day": "Friday",
      "name": "Birth Anniversary of Maharishi Dayanand Saraswati",
      "type": "Regional"
    },
    {
      "date": "Mar 4",
      "day": "Wednesday",
      "name": "Holi",
      "type": "Regional"
    },
    {
      "date": "Mar 19",
      "day": "Thursday",
      "name": "Cheti Chand",
      "type": "Regional"
    },
    {
      "date": "Mar 26",
      "day": "Thursday",
      "name": "Ram Navami",
      "type": "Regional"
    },
    {
      "date": "Mar 31",
      "day": "Tuesday",
      "name": "Mahavir Jayanti",
      "type": "Regional"
    },
    {
      "date": "Apr 1",
      "day": "Wednesday",
      "name": "Annual Closing of Bank Accounts",
      "type": "Regional"
    },
    {
      "date": "Apr 3",
      "day": "Friday",
      "name": "Good Friday",
      "type": "Regional"
    },
    {
      "date": "Apr 4",
      "day": "Saturday",
      "name": "Easter Saturday",
      "type": "Regional"
    },
    {
      "date": "Apr 15",
      "day": "Wednesday",
      "name": "Himachal Day",
      "type": "Regional"
    },
    {
      "date": "Apr 19",
      "day": "Sunday",
      "name": "Parshuram Jayanti",
      "type": "Regional"
    },
    {
      "date": "May 1",
      "day": "Friday",
      "name": "Buddha Purnima",
      "type": "Regional"
    },
    {
      "date": "May 10",
      "day": "Sunday",
      "name": "Maharana Pratap Jayanti",
      "type": "Regional"
    },
    {
      "date": "May 27",
      "day": "Wednesday",
      "name": "Id-ul-Zuha (Bakrid)",
      "type": "Regional"
    },
    {
      "date": "Jun 5",
      "day": "Friday",
      "name": "Sant Guru Kabir Jayanti",
      "type": "Regional"
    },
    {
      "date": "Jun 18",
      "day": "Thursday",
      "name": "Jamat-ul-Vida",
      "type": "Regional"
    },
    {
      "date": "Jul 16",
      "day": "Thursday",
      "name": "Rath Yatra",
      "type": "Regional"
    },
    {
      "date": "Aug 15",
      "day": "Saturday",
      "name": "Independence Day",
      "type": "National"
    },
    {
      "date": "Aug 28",
      "day": "Friday",
      "name": "Raksha Bandhan",
      "type": "Regional"
    },
    {
      "date": "Sep 4",
      "day": "Friday",
      "name": "Janmashtami",
      "type": "Regional"
    },
    {
      "date": "Sep 5",
      "day": "Saturday",
      "name": "Guru Nanak Dev's Parkash Diwas",
      "type": "Regional"
    },
    {
      "date": "Sep 8",
      "day": "Tuesday",
      "name": "Onam",
      "type": "Regional"
    },
    {
      "date": "Sep 17",
      "day": "Thursday",
      "name": "Vishwakarma Day",
      "type": "Regional"
    },
    {
      "date": "Oct 2",
      "day": "Friday",
      "name": "Gandhi Jayanti",
      "type": "National"
    },
    {
      "date": "Oct 3",
      "day": "Saturday",
      "name": "Karva Chauth",
      "type": "Regional"
    },
    {
      "date": "Oct 20",
      "day": "Tuesday",
      "name": "Dussehra (Vijaya Dashmi)",
      "type": "Regional"
    },
    {
      "date": "Oct 26",
      "day": "Monday",
      "name": "Balmiki Jayanti",
      "type": "Regional"
    },
    {
      "date": "Nov 8",
      "day": "Sunday",
      "name": "Diwali",
      "type": "Regional"
    },
    {
      "date": "Nov 15",
      "day": "Sunday",
      "name": "Chhat Pooja",
      "type": "Regional"
    },
    {
      "date": "Dec 24",
      "day": "Thursday",
      "name": "Christmas Eve",
      "type": "Restricted"
    },
    {
      "date": "Dec 25",
      "day": "Friday",
      "name": "Christmas Day",
      "type": "Regional"
    }
  ],
  "pdf": "https://www.datocms-assets.com/40521/1765193622-himachal-pradesh-state-list-of-holidays-2026.pdf"
}
