{
  "state": "Karnataka",
  "meta": {
    "title": "Public Holidays in Karnataka 2026 | State Holiday List",
    "description": "Check the complete list of holidays in Karnataka, Including national, state, and optional holidays for payroll and leave planning."
  },
  "h1": "Karnataka Public Holidays List 2026",
  "para": "Holidays are spread through different regions, calendars and ethnicities; In Karnataka they play a critical role in shaping workforce planning and operational continuity. Holidays influence attendance, staffing requirements, and employee expectations throughout the year. Many organizations operate from multiple locations and not only from Karnataka which makes managing public holidays difficult, especially when it varies from region to region. Tackling public holidays is essential to ensure fairness, compliance, and consistency, while balancing business needs with employee well-being.",
  "holidays": [
    {
      "date": "Date",
      "day": "Day",
      "name": "Holiday",
      "type": "Holiday Type"
    },
    {
      "date": "Jan 1",
      "day": "Thursday",
      "name": "New Years",
      "type": "Regional"
    },
    {
      "date": "Jan 15",
      "day": "Thursday",
      "name": "Makara Sankranti",
      "type": "Regional"
    },
    {
      "date": "Jan 26",
      "day": "Monday",
      "name": "Republic Day",
      "type": "National"
    },
    {
      "date": "Jan 27",
      "day": "Tuesday",
      "name": "Sri Madvanavami",
      "type": "Regional"
    },
    {
      "date": "Feb 4",
      "day": "Wednesday",
      "name": "Shab-e-barath",
      "type": "Regional"
    },
    {
      "date": "Mar 2",
      "day": "Monday",
      "name": "Holi",
      "type": "Regional"
    },
    {
      "date": "Mar 17",
      "day": "Tuesday",
      "name": "Shab-e-Qadar",
      "type": "Regional"
    },
    {
      "date": "Mar 19",
      "day": "Thursday",
      "name": "Ugadi",
      "type": "Regional"
    },
    {
      "date": "Mar 20",
      "day": "Friday",
      "name": "Jumat-ul-Wida",
      "type": "Regional"
    },
    {
      "date": "Mar 21",
      "day": "Saturday",
      "name": "Khutub-E-Ramzan",
      "type": "Regional"
    },
    {
      "date": "Mar 23",
      "day": "Monday",
      "name": "Devara Daseemaiah Jayanthi",
      "type": "Regional"
    },
    {
      "date": "Mar 27",
      "day": "Friday",
      "name": "Sri Ramanavami",
      "type": "Regional"
    },
    {
      "date": "Mar 31",
      "day": "Tuesday",
      "name": "Mahaveera Jayanthi",
      "type": "Regional"
    },
    {
      "date": "Apr 3",
      "day": "Friday",
      "name": "Good Friday",
      "type": "Regional"
    },
    {
      "date": "Apr 4",
      "day": "Saturday",
      "name": "Holi Festival",
      "type": "Regional"
    },
    {
      "date": "Apr 14",
      "day": "Tuesday",
      "name": "BR Ambedkar Jayanthi",
      "type": "Regional"
    },
    {
      "date": "Apr 20",
      "day": "Monday",
      "name": "Basava Jayanthi, Akshaya Tritiya",
      "type": "Regional"
    },
    {
      "date": "Apr 21",
      "day": "Tuesday",
      "name": "Sri Shankaracharaya Jayanthi",
      "type": "Regional"
    },
    {
      "date": "Apr 22",
      "day": "Wednesday",
      "name": "Sri Ramaujacharaya Jayanthi",
      "type": "Regional"
    },
    {
      "date": "May 1",
      "day": "Friday",
      "name": "May Day",
      "type": "Regional"
    },
    {
      "date": "May 28",
      "day": "Thursday",
      "name": "Bakrid",
      "type": "Regional"
    },
    {
      "date": "Jun 26",
      "day": "Friday",
      "name": "Last day of Muharram",
      "type": "Regional"
    },
    {
      "date": "Aug 15",
      "day": "Saturday",
      "name": "Independence Day",
      "type": "National"
    },
    {
      "date": "Aug 21",
      "day": "Friday",
      "name": "Varamahalaxmi Vrata",
      "type": "Regional"
    },
    {
      "date": "Aug 26",
      "day": "Wednesday",
      "name": "Eid-Milad",
      "type": "Regional"
    },
    {
      "date": "Aug 27",
      "day": "Thursday",
      "name": "Yajur Upakarma",
      "type": "Regional"
    },
    {
      "date": "Aug 28",
      "day": "Friday",
      "name": "Brahma Sri Narayana Guru Jayanthi, Raksha Bandhan",
      "type": "Regional"
    },
    {
      "date": "Sep 4",
      "day": "Friday",
      "name": "Krishna Janmashtami",
      "type": "Regional"
    },
    {
      "date": "Sep 8",
      "day": "Tuesday",
      "name": "Kanya Mariyamma Jayanthi",
      "type": "Regional"
    },
    {
      "date": "Sep 14",
      "day": "Monday",
      "name": "Varasiddhi Vinayaka Vrata",
      "type": "Regional"
    },
    {
      "date": "Sep 17",
      "day": "Thursday",
      "name": "Vishwakarma Jayanthi",
      "type": "Regional"
    },
    {
      "date": "Sep 25",
      "day": "Friday",
      "name": "Ananta Padmanabha Vrata",
      "type": "Regional"
    },
    {
      "date": "Oct 2",
      "day": "Friday",
      "name": "Gandhi Jayanthi",
      "type": "National"
    },
    {
      "date": "Oct 20",
      "day": "Tuesday",
      "name": "Mahanavami, Ayudhapooja",
      "type": "Regional"
    },
    {
      "date": "Oct 21",
      "day": "Wednesday",
      "name": "Vijayadashmi",
      "type": "Regional"
    },
    {
      "date": "Nov 10",
      "day": "Tuesday",
      "name": "Balipadyami, Deepavali",
      "type": "Regional"
    },
    {
      "date": "Nov 24",
      "day": "Tuesday",
      "name": "Guru Nanak Jayanthi",
      "type": "Regional"
    },
    {
      "date": "Nov 26",
      "day": "Thursday",
      "name": "Huttari Festival",
      "type": "Regional"
    },
    {
      "date": "Nov 27",
      "day": "Friday",
      "name": "Kanakadasa Jayanthi",
      "type": "Regional"
    },
    {
      "date": "Dec 24",
      "day": "Thursday",
      "name": "Christmas Eve",
      "type": "Regional"
    },
    {
      "date": "Dec 25",
      "day": "Friday",
      "name": "Christmas",
      "type": "Regional"
    }
  ],
  "pdf": ""
}
