{
  "state": "Kerala",
  "meta": {
    "title": "Public Holidays in Kerala 2026 | State Holiday List",
    "description": "Check the complete list of holidays in Kerala, Including national, state, and optional holidays for payroll and leave planning."
  },
  "h1": "Kerala Public Holidays List 2026",
  "para": "Holidays are spread through different regions, calendars and ethnicities; In Kerala they play a critical role in shaping workforce planning and operational continuity. Holidays influence attendance, staffing requirements, and employee expectations throughout the year. Many organizations operate from multiple locations and not only from Kerala which makes managing public holidays difficult, especially when it varies from region to region. Tackling public holidays is essential to ensure fairness, compliance, and consistency, while balancing business needs with employee well-being.",
  "holidays": [
    {
      "date": "Date",
      "day": "Day",
      "name": "Holiday",
      "type": "Holiday Type"
    },
    {
      "date": "Jan 2",
      "day": "Friday",
      "name": "Mannam Jayanthi",
      "type": "Regional"
    },
    {
      "date": "Jan 26",
      "day": "Monday",
      "name": "Republic Day",
      "type": "National"
    },
    {
      "date": "Mar 20",
      "day": "Friday",
      "name": "Id-Ul-Fitr (Ramzan)",
      "type": "Regional"
    },
    {
      "date": "Apr 1",
      "day": "Wednesday",
      "name": "Annual Closing of Accounts of Banks",
      "type": "Regional"
    },
    {
      "date": "Apr 2",
      "day": "Thursday",
      "name": "Maundy Thursday",
      "type": "Regional"
    },
    {
      "date": "Apr 3",
      "day": "Friday",
      "name": "Good Friday",
      "type": "Regional"
    },
    {
      "date": "Apr 5",
      "day": "Sunday",
      "name": "Easter",
      "type": "Regional"
    },
    {
      "date": "Apr 14",
      "day": "Tuesday",
      "name": "Dr Ambedkar Jayanthi/Vishu",
      "type": "Regional"
    },
    {
      "date": "Apr 15",
      "day": "Wednesday",
      "name": "Vishu",
      "type": "Regional"
    },
    {
      "date": "May 1",
      "day": "Friday",
      "name": "May Day",
      "type": "National"
    },
    {
      "date": "May 27",
      "day": "Wednesday",
      "name": "Id-Ul-Adha (Bakrid)",
      "type": "Regional"
    },
    {
      "date": "Jun 25",
      "day": "Thursday",
      "name": "Muharram",
      "type": "Regional"
    },
    {
      "date": "Aug 12",
      "day": "Wednesday",
      "name": "Karkkadaka Vaavu",
      "type": "Regional"
    },
    {
      "date": "Aug 15",
      "day": "Saturday",
      "name": "Independence Day",
      "type": "National"
    },
    {
      "date": "Aug 25",
      "day": "Tuesday",
      "name": "First Onam/Milad-i-Sherif",
      "type": "Regional"
    },
    {
      "date": "Aug 26",
      "day": "Wednesday",
      "name": "Thiruvonam",
      "type": "Regional"
    },
    {
      "date": "Aug 27",
      "day": "Thursday",
      "name": "Third Onam",
      "type": "Regional"
    },
    {
      "date": "Aug 28",
      "day": "Friday",
      "name": "Fourth Onam/Sree Narayana Guru Jayanthi/Ayyankali",
      "type": "Regional"
    },
    {
      "date": "Sep 4",
      "day": "Friday",
      "name": "Sreekrishna Jayanthi",
      "type": "Regional"
    },
    {
      "date": "Sep 21",
      "day": "Monday",
      "name": "Sree Narayana Guru Jayanthi Samadhi Day",
      "type": "Regional"
    },
    {
      "date": "Oct 2",
      "day": "Friday",
      "name": "Gandhi Jayanthi",
      "type": "National"
    },
    {
      "date": "Oct 20",
      "day": "Tuesday",
      "name": "Maha Navami",
      "type": "Regional"
    },
    {
      "date": "Oct 21",
      "day": "Wednesday",
      "name": "Vijayadasami",
      "type": "Regional"
    },
    {
      "date": "Nov 8",
      "day": "Sunday",
      "name": "Deepavali",
      "type": "Regional"
    },
    {
      "date": "Dec 25",
      "day": "Friday",
      "name": "Christmas",
      "type": "Regional"
    }
  ],
  "pdf": "https://www.datocms-assets.com/40521/1764178563-kerala-state-list-of-holidays-2026.pdf"
}
