{
  "state": "Maharashtra",
  "meta": {
    "title": "Public Holidays in Maharashtra 2026 | State Holiday List",
    "description": "Check the complete list of holidays in Maharashtra, Including national, state, and optional holidays for payroll and leave planning."
  },
  "h1": "Maharashtra Public Holidays List 2026",
  "para": "Holidays are spread through different regions, calendars and ethnicities; In Maharashtra they play a critical role in shaping workforce planning and operational continuity. Holidays influence attendance, staffing requirements, and employee expectations throughout the year. Many organizations operate from multiple locations and not only from Maharashtra which makes managing public holidays difficult, especially when it varies from region to region. Tackling public holidays is essential to ensure fairness, compliance, and consistency, while balancing business needs with employee well-being.",
  "holidays": [
    {
      "date": "Date",
      "day": "Day",
      "name": "Holiday",
      "type": "Holiday Type"
    },
    {
      "date": "Jan 26",
      "day": "Monday",
      "name": "Republic Day",
      "type": "National"
    },
    {
      "date": "Feb 15",
      "day": "Sunday",
      "name": "Mahashivratri",
      "type": "Regional"
    },
    {
      "date": "Feb 19",
      "day": "Thursday",
      "name": "Chhatrapati Shivaju Maharaj Jayanti",
      "type": "Regional"
    },
    {
      "date": "Mar 3",
      "day": "Tuesday",
      "name": "Holi (Second Day)",
      "type": "Regional"
    },
    {
      "date": "Mar 19",
      "day": "Thursday",
      "name": "Gudhi Padwa",
      "type": "Regional"
    },
    {
      "date": "Mar 21",
      "day": "Saturday",
      "name": "Ramzan-Id",
      "type": "Regional"
    },
    {
      "date": "Mar 26",
      "day": "Thursday",
      "name": "Ram Navami",
      "type": "Regional"
    },
    {
      "date": "Mar 31",
      "day": "Tuesday",
      "name": "Mahavir Janmakalyanak",
      "type": "Regional"
    },
    {
      "date": "Apr 1",
      "day": "Wednesday",
      "name": "Bank Account Closure Day",
      "type": "Regional"
    },
    {
      "date": "Apr 3",
      "day": "Friday",
      "name": "Good Friday",
      "type": "Regional"
    },
    {
      "date": "Apr 14",
      "day": "Tuesday",
      "name": "Dr. Babasaheb Ambedkar Jayanti",
      "type": "Regional"
    },
    {
      "date": "May 1",
      "day": "Friday",
      "name": "Maharashtra Din / Buddha Purnima",
      "type": "Regional"
    },
    {
      "date": "May 28",
      "day": "Thursday",
      "name": "Bakri Id",
      "type": "Regional"
    },
    {
      "date": "Jun 26",
      "day": "Friday",
      "name": "Moharum",
      "type": "Regional"
    },
    {
      "date": "Aug 15",
      "day": "Saturday",
      "name": "Independence Day / Parsi new Year",
      "type": "National"
    },
    {
      "date": "Aug 26",
      "day": "Wednesday",
      "name": "Id-e-Milad",
      "type": "Regional"
    },
    {
      "date": "Sep 14",
      "day": "Monday",
      "name": "Ganesh Chaturthi",
      "type": "Regional"
    },
    {
      "date": "Oct 2",
      "day": "Friday",
      "name": "Mahatma Gandhi Jayanti",
      "type": "National"
    },
    {
      "date": "Oct 20",
      "day": "Tuesday",
      "name": "Dasara",
      "type": "Regional"
    },
    {
      "date": "Nov 8",
      "day": "Sunday",
      "name": "Diwali Amavasya (Laxmi Puja)",
      "type": "Regional"
    },
    {
      "date": "Nov 10",
      "day": "Tuesday",
      "name": "Diwali (Bali Pratipada)",
      "type": "Regional"
    },
    {
      "date": "Nov 11",
      "day": "Wednesday",
      "name": "Bhaubeej",
      "type": "Regional"
    },
    {
      "date": "Nov 24",
      "day": "Tuesday",
      "name": "Guru Nanak Jayanti",
      "type": "Regional"
    },
    {
      "date": "Nov 25",
      "day": "Friday",
      "name": "Christmas",
      "type": "Regional"
    }
  ],
  "pdf": "https://www.datocms-assets.com/40521/1765894887-maharashtra-list-of-holidays-2026.pdf"
}
