{
  "state": "Meghalaya",
  "meta": {
    "title": "Public Holidays in Meghalaya 2026 | State Holiday List",
    "description": "Check the complete list of holidays in Meghalaya, Including national, state, and optional holidays for payroll and leave planning."
  },
  "h1": "Meghalaya Public Holidays List 2026",
  "para": "Holidays are spread through different regions, calendars and ethnicities; In Meghalaya they play a critical role in shaping workforce planning and operational continuity. Holidays influence attendance, staffing requirements, and employee expectations throughout the year. Many organizations operate from multiple locations and not only from Meghalaya which makes managing public holidays difficult, especially when it varies from region to region. Tackling public holidays is essential to ensure fairness, compliance, and consistency, while balancing business needs with employee well-being.",
  "holidays": [
    {
      "date": "Date",
      "day": "Day",
      "name": "Holiday",
      "type": "Holiday Type"
    },
    {
      "date": "Jan 1",
      "day": "Thursday",
      "name": "New Year's Day",
      "type": "Regional"
    },
    {
      "date": "Jan 26",
      "day": "Monday",
      "name": "Republic Day",
      "type": "National"
    },
    {
      "date": "Mar 4",
      "day": "Wednesday",
      "name": "Holi",
      "type": "Regional"
    },
    {
      "date": "Mar 21",
      "day": "Saturday",
      "name": "Id-Ul-Fitr",
      "type": "National"
    },
    {
      "date": "Apr 3",
      "day": "Friday",
      "name": "Good Friday",
      "type": "Regional"
    },
    {
      "date": "May 27",
      "day": "Wednesday",
      "name": "Bakrid",
      "type": "Regional"
    },
    {
      "date": "Jun 22",
      "day": "Monday",
      "name": "Rev. Thomas Jones Day",
      "type": "Regional"
    },
    {
      "date": "Jul 9",
      "day": "Thursday",
      "name": "Beh Deinkhlam",
      "type": "Regional"
    },
    {
      "date": "Jul 17",
      "day": "Friday",
      "name": "Death Anniversary of U Tirot Sing",
      "type": "Regional"
    },
    {
      "date": "Aug 15",
      "day": "Saturday",
      "name": "Independence Day",
      "type": "National"
    },
    {
      "date": "Sep 4",
      "day": "Friday",
      "name": "Janmashtami",
      "type": "Regional"
    },
    {
      "date": "Oct 2",
      "day": "Friday",
      "name": "Gandhi Jayanti",
      "type": "National"
    },
    {
      "date": "Oct 19",
      "day": "Monday",
      "name": "Maha Navami / Dussehra",
      "type": "Regional"
    },
    {
      "date": "Oct 20",
      "day": "Tuesday",
      "name": "Maha Dashami",
      "type": "Regional"
    },
    {
      "date": "Nov 8",
      "day": "Sunday",
      "name": "Diwali",
      "type": "Regional"
    },
    {
      "date": "Nov 13",
      "day": "Friday",
      "name": "Wangala Festival",
      "type": "Regional"
    },
    {
      "date": "Nov 23",
      "day": "Monday",
      "name": "Seng Kut Snem",
      "type": "Regional"
    },
    {
      "date": "Dec 12",
      "day": "Saturday",
      "name": "Death Anniversary of Pa-Togan Nengminja Sangma",
      "type": "Regional"
    },
    {
      "date": "Dec 18",
      "day": "Friday",
      "name": "Death Anniversary of U SoSo Tham",
      "type": "Regional"
    },
    {
      "date": "Dec 24",
      "day": "Thursday",
      "name": "Christmas Festival",
      "type": "Regional"
    },
    {
      "date": "Dec 25",
      "day": "Friday",
      "name": "Christmas Festival",
      "type": "Regional"
    },
    {
      "date": "Dec 26",
      "day": "Saturday",
      "name": "Christmas Festival",
      "type": "Regional"
    },
    {
      "date": "Dec 27",
      "day": "Sunday",
      "name": "Christmas Festival",
      "type": "Regional"
    },
    {
      "date": "Dec 30",
      "day": "Wednesday",
      "name": "Death Anniversary of U Kiang Nongbah",
      "type": "Regional"
    }
  ],
  "pdf": "https://www.datocms-assets.com/40521/1764178563-meghalaya-state-list-of-holidays-2026.pdf"
}
