{
  "state": "Mizoram",
  "meta": {
    "title": "Public Holidays in Mizoram 2026 | State Holiday List",
    "description": "Check the complete list of holidays in Mizoram, Including national, state, and optional holidays for payroll and leave planning."
  },
  "h1": "Mizoram Public Holidays List 2026",
  "para": "Holidays are spread through different regions, calendars and ethnicities; In Mizoram they play a critical role in shaping workforce planning and operational continuity. Holidays influence attendance, staffing requirements, and employee expectations throughout the year. Many organizations operate from multiple locations and not only from Mizoram which makes managing public holidays difficult, especially when it varies from region to region. Tackling public holidays is essential to ensure fairness, compliance, and consistency, while balancing business needs with employee well-being.",
  "holidays": [
    {
      "date": "Date",
      "day": "Day",
      "name": "Holiday",
      "type": "Holiday Type"
    },
    {
      "date": "Jan 1",
      "day": "Thursday",
      "name": "New Year's Day",
      "type": "Regional"
    },
    {
      "date": "Jan 2",
      "day": "Friday",
      "name": "New Year Celebration",
      "type": "Regional"
    },
    {
      "date": "Jan 11",
      "day": "Sunday",
      "name": "Missionary Day",
      "type": "Regional"
    },
    {
      "date": "Jan 26",
      "day": "Monday",
      "name": "Republic Day",
      "type": "National"
    },
    {
      "date": "Feb 20",
      "day": "Friday",
      "name": "State Day",
      "type": "Regional"
    },
    {
      "date": "Mar 4",
      "day": "Wednesday",
      "name": "Holi",
      "type": "Regional"
    },
    {
      "date": "Mar 13",
      "day": "Friday",
      "name": "Chapchar Kut",
      "type": "Regional"
    },
    {
      "date": "Mar 21",
      "day": "Saturday",
      "name": "Id-Ul-Fitr",
      "type": "Regional"
    },
    {
      "date": "Mar 26",
      "day": "Thursday",
      "name": "Ram Navami",
      "type": "Regional"
    },
    {
      "date": "Mar 31",
      "day": "Tuesday",
      "name": "Mahavir Jayanti",
      "type": "Regional"
    },
    {
      "date": "Apr 3",
      "day": "Friday",
      "name": "Good Friday",
      "type": "Regional"
    },
    {
      "date": "May 1",
      "day": "Friday",
      "name": "Buddha Purnima",
      "type": "Regional"
    },
    {
      "date": "May 27",
      "day": "Wednesday",
      "name": "Id-Ul-Zuha (Bakrid)",
      "type": "Regional"
    },
    {
      "date": "Jun 15",
      "day": "Monday",
      "name": "YMA Day",
      "type": "Regional"
    },
    {
      "date": "Jun 26",
      "day": "Friday",
      "name": "Muharram",
      "type": "Regional"
    },
    {
      "date": "Jun 30",
      "day": "Tuesday",
      "name": "Remna Ni",
      "type": "Regional"
    },
    {
      "date": "Jul 6",
      "day": "Monday",
      "name": "MHIP Day",
      "type": "Regional"
    },
    {
      "date": "Aug 15",
      "day": "Saturday",
      "name": "Independence Day",
      "type": "National"
    },
    {
      "date": "Aug 26",
      "day": "Wednesday",
      "name": "Milad-Un-Nabi / Id-e-Milad",
      "type": "Regional"
    },
    {
      "date": "Oct 2",
      "day": "Friday",
      "name": "Gandhi Jayanti",
      "type": "National"
    },
    {
      "date": "Oct 20",
      "day": "Tuesday",
      "name": "Dussehra",
      "type": "Regional"
    },
    {
      "date": "Nov 8",
      "day": "Sunday",
      "name": "Diwali",
      "type": "Regional"
    },
    {
      "date": "Nov 24",
      "day": "Tuesday",
      "name": "Guru Nanak's Birthday",
      "type": "Regional"
    },
    {
      "date": "Dec 24",
      "day": "Thursday",
      "name": "Christmas Eve",
      "type": "Regional"
    },
    {
      "date": "Dec 25",
      "day": "Friday",
      "name": "Christmas",
      "type": "Regional"
    },
    {
      "date": "Dec 26",
      "day": "Saturday",
      "name": "Christmas Celebration",
      "type": "Regional"
    },
    {
      "date": "Dec 31",
      "day": "Thursday",
      "name": "New Year's Eve",
      "type": "Regional"
    }
  ],
  "pdf": "https://www.datocms-assets.com/40521/1764178563-mizoram-state-list-of-holidays-2026.pdf"
}
