{
  "state": "Odisha",
  "meta": {
    "title": "Public Holidays in Odisha 2026 | State Holiday List",
    "description": "Check the complete list of holidays in Odisha, Including national, state, and optional holidays for payroll and leave planning."
  },
  "h1": "Odisha Public Holidays List 2026",
  "para": "Holidays are spread through different regions, calendars and ethnicities; In Odisha they play a critical role in shaping workforce planning and operational continuity. Holidays influence attendance, staffing requirements, and employee expectations throughout the year. Many organizations operate from multiple locations and not only from Odisha which makes managing public holidays difficult, especially when it varies from region to region. Tackling public holidays is essential to ensure fairness, compliance, and consistency, while balancing business needs with employee well-being.",
  "holidays": [
    {
      "date": "Date",
      "day": "Day",
      "name": "Holiday",
      "type": "Holiday Type"
    },
    {
      "date": "Jan 14",
      "day": "Wednesday",
      "name": "Makar Sankranti",
      "type": "Regional"
    },
    {
      "date": "Jan 23",
      "day": "Friday",
      "name": "Subhas Chandra Bose Jayanti / Basanta Panchami",
      "type": "Regional"
    },
    {
      "date": "Jan 26",
      "day": "Monday",
      "name": "Republic Day",
      "type": "National"
    },
    {
      "date": "Feb 15",
      "day": "Sunday",
      "name": "Mahashivratri",
      "type": "Regional"
    },
    {
      "date": "Mar 3",
      "day": "Tuesday",
      "name": "Dola Purnima",
      "type": "Regional"
    },
    {
      "date": "Mar 4",
      "day": "Wednesday",
      "name": "Holi",
      "type": "Regional"
    },
    {
      "date": "Mar 21",
      "day": "Saturday",
      "name": "Id-Ul-Fitr",
      "type": "Regional"
    },
    {
      "date": "Mar 27",
      "day": "Friday",
      "name": "Shree Rama Navami",
      "type": "Regional"
    },
    {
      "date": "Apr 1",
      "day": "Wednesday",
      "name": "Utkal Divas",
      "type": "Regional"
    },
    {
      "date": "Apr 3",
      "day": "Friday",
      "name": "Good Friday",
      "type": "Regional"
    },
    {
      "date": "Apr 14",
      "day": "Tuesday",
      "name": "Ambedkar Jayanti",
      "type": "Regional"
    },
    {
      "date": "May 1",
      "day": "Friday",
      "name": "May Day",
      "type": "Regional"
    },
    {
      "date": "Jun 15",
      "day": "Monday",
      "name": "Raja Sankranti",
      "type": "Regional"
    },
    {
      "date": "Jun 26",
      "day": "Friday",
      "name": "Muharram",
      "type": "Regional"
    },
    {
      "date": "Jul 16",
      "day": "Thursday",
      "name": "Ratha Yatra",
      "type": "Regional"
    },
    {
      "date": "Aug 15",
      "day": "Saturday",
      "name": "Independence Day",
      "type": "National"
    },
    {
      "date": "Aug 26",
      "day": "Wednesday",
      "name": "Birth of Prophet Muhammad",
      "type": "Regional"
    },
    {
      "date": "Aug 27",
      "day": "Thursday",
      "name": "Jhulana Purnima",
      "type": "Regional"
    },
    {
      "date": "Sep 4",
      "day": "Friday",
      "name": "Janmashtami",
      "type": "Regional"
    },
    {
      "date": "Sep 14",
      "day": "Monday",
      "name": "Ganesh Puja",
      "type": "Regional"
    },
    {
      "date": "Sep 15",
      "day": "Tuesday",
      "name": "Nuakhai",
      "type": "Regional"
    },
    {
      "date": "Oct 2",
      "day": "Friday",
      "name": "Gandhi Jayanti",
      "type": "National"
    },
    {
      "date": "Oct 17",
      "day": "Saturday",
      "name": "Mahashtami",
      "type": "Regional"
    },
    {
      "date": "Oct 19",
      "day": "Monday",
      "name": "Mahanavami",
      "type": "Regional"
    },
    {
      "date": "Oct 20",
      "day": "Tuesday",
      "name": "Vijaya Dasami",
      "type": "Regional"
    },
    {
      "date": "Nov 24",
      "day": "Tuesday",
      "name": "Rahas Purnima",
      "type": "Regional"
    },
    {
      "date": "Dec 25",
      "day": "Friday",
      "name": "Christmas Day",
      "type": "Regional"
    }
  ],
  "pdf": "https://www.datocms-assets.com/40521/1764178564-odisha-state-list-of-holidays-2026.pdf"
}
