{
  "state": "Puducherry",
  "meta": {
    "title": "Public Holidays in Puducherry 2026 | State Holiday List",
    "description": "Check the complete list of holidays in Puducherry, Including national, state, and optional holidays for payroll and leave planning."
  },
  "h1": "Puducherry Public Holidays List 2026",
  "para": "Holidays are spread through different regions, calendars and ethnicities; In Puducherry they play a critical role in shaping workforce planning and operational continuity. Holidays influence attendance, staffing requirements, and employee expectations throughout the year. Many organizations operate from multiple locations and not only from Puducherry which makes managing public holidays difficult, especially when it varies from region to region. Tackling public holidays is essential to ensure fairness, compliance, and consistency, while balancing business needs with employee well-being.",
  "holidays": [
    {
      "date": "Date",
      "day": "Day",
      "name": "Holiday",
      "type": "Holiday Type"
    },
    {
      "date": "Jan 1",
      "day": "Thursday",
      "name": "New Year",
      "type": "Regional"
    },
    {
      "date": "Jan 15",
      "day": "Thursday",
      "name": "Pongal",
      "type": "Regional"
    },
    {
      "date": "Jan 16",
      "day": "Friday",
      "name": "Thiruvalluavar Day/Mattu Pongal",
      "type": "Regional"
    },
    {
      "date": "Jan 26",
      "day": "Monday",
      "name": "Republic Day",
      "type": "National"
    },
    {
      "date": "Mar 20",
      "day": "Friday",
      "name": "Id-Ul-Fitr (Ramzan)",
      "type": "Regional"
    },
    {
      "date": "Apr 3",
      "day": "Friday",
      "name": "Good Friday",
      "type": "Regional"
    },
    {
      "date": "Apr 14",
      "day": "Tuesday",
      "name": "Tamil New Year / Ambedkar Jayanti",
      "type": "Regional"
    },
    {
      "date": "Apr 15",
      "day": "Wednesday",
      "name": "Vishu's 2nd Day",
      "type": "Regional"
    },
    {
      "date": "May 1",
      "day": "Friday",
      "name": "May Day",
      "type": "Regional"
    },
    {
      "date": "May 27",
      "day": "Wednesday",
      "name": "Bakrid",
      "type": "Regional"
    },
    {
      "date": "May 28",
      "day": "Thursday",
      "name": "Bakrid",
      "type": "Regional"
    },
    {
      "date": "Aug 15",
      "day": "Saturday",
      "name": "Independence Day",
      "type": "National"
    },
    {
      "date": "Aug 25",
      "day": "Tuesday",
      "name": "Onam 1st Day / Milad-un-Nabi",
      "type": "Regional"
    },
    {
      "date": "Aug 26",
      "day": "Wednesday",
      "name": "Milad-un-Nabi",
      "type": "Regional"
    },
    {
      "date": "Sep 14",
      "day": "Monday",
      "name": "Vinayagar Chaturthi",
      "type": "Regional"
    },
    {
      "date": "Oct 2",
      "day": "Friday",
      "name": "Gandhi Jayanti",
      "type": "National"
    },
    {
      "date": "Oct 15",
      "day": "Thursday",
      "name": "St. Theresa Festival",
      "type": "Regional"
    },
    {
      "date": "Oct 19",
      "day": "Monday",
      "name": "Saraswathi Pooja / Ayudha Pooja",
      "type": "Regional"
    },
    {
      "date": "Nov 1",
      "day": "Sunday",
      "name": "Puducherry Liberation Day",
      "type": "Regional"
    },
    {
      "date": "Nov 8",
      "day": "Sunday",
      "name": "Deepawali Day",
      "type": "Regional"
    },
    {
      "date": "Dec 25",
      "day": "Friday",
      "name": "Christmas Day",
      "type": "Regional"
    }
  ],
  "pdf": "https://www.datocms-assets.com/40521/1764179167-puducherry-union-territory-list-of-holidays-2026.pdf"
}
