{
  "state": "Punjab",
  "meta": {
    "title": "Public Holidays in Punjab 2026 | State Holiday List",
    "description": "Check the complete list of holidays in Punjab, Including national, state, and optional holidays for payroll and leave planning."
  },
  "h1": "Punjab Public Holidays List 2026",
  "para": "Holidays are spread through different regions, calendars and ethnicities; In Punjab they play a critical role in shaping workforce planning and operational continuity. Holidays influence attendance, staffing requirements, and employee expectations throughout the year. Many organizations operate from multiple locations and not only from Punjab which makes managing public holidays difficult, especially when it varies from region to region. Tackling public holidays is essential to ensure fairness, compliance, and consistency, while balancing business needs with employee well-being.",
  "holidays": [
    {
      "date": "Date",
      "day": "Day",
      "name": "Holiday",
      "type": "Holiday Type"
    },
    {
      "date": "Jan 1",
      "day": "Thursday",
      "name": "New Year Day",
      "type": "Regional"
    },
    {
      "date": "Jan 13",
      "day": "Tuesday",
      "name": "Lohri",
      "type": "Regional"
    },
    {
      "date": "Jan 17",
      "day": "Saturday",
      "name": "Nirvan Diwas of Bhagwan Adi Nath Ji",
      "type": "Regional"
    },
    {
      "date": "Jan 23",
      "day": "Friday",
      "name": "Basant Panchmi / Birthday of Satguru Ram Singh Ji",
      "type": "Regional"
    },
    {
      "date": "Jan 26",
      "day": "Monday",
      "name": "Republic Day",
      "type": "National"
    },
    {
      "date": "Feb 1",
      "day": "Sunday",
      "name": "Birthday of Sri Guru Ravidas Ji",
      "type": "Regional"
    },
    {
      "date": "Feb 15",
      "day": "Sunday",
      "name": "Maha Shivratri",
      "type": "Regional"
    },
    {
      "date": "Mar 4",
      "day": "Wednesday",
      "name": "Holi / Hola Mohalla",
      "type": "Regional"
    },
    {
      "date": "Mar 8",
      "day": "Sunday",
      "name": "International Women's Day",
      "type": "Regional"
    },
    {
      "date": "Mar 21",
      "day": "Saturday",
      "name": "Eif-Ul-Fitr",
      "type": "Regional"
    },
    {
      "date": "Mar 26",
      "day": "Thursday",
      "name": "Ram Naumi",
      "type": "Regional"
    },
    {
      "date": "Mar 31",
      "day": "Tuesday",
      "name": "Mahavir Jayanti",
      "type": "Regional"
    },
    {
      "date": "Apr 3",
      "day": "Friday",
      "name": "Good Friday",
      "type": "Regional"
    },
    {
      "date": "Apr 8",
      "day": "Wednesday",
      "name": "Birthday of Sat Guru Nabha Das Ji",
      "type": "Regional"
    },
    {
      "date": "Apr 14",
      "day": "Tuesday",
      "name": "Baisakhi / Birthday of B.R. Ambedkar",
      "type": "Regional"
    },
    {
      "date": "Apr 19",
      "day": "Sunday",
      "name": "Bhagwan Parshu Ram Janam Utsav",
      "type": "Regional"
    },
    {
      "date": "May 1",
      "day": "Friday",
      "name": "May Day / Buddha Purnima",
      "type": "Regional"
    },
    {
      "date": "May 27",
      "day": "Wednesday",
      "name": "Eid-ul-Zaha (Bakrid)",
      "type": "Regional"
    },
    {
      "date": "Jun 18",
      "day": "Tuesday",
      "name": "Martyrdom Day of Sri Guru Arjan Dev Ji",
      "type": "Regional"
    },
    {
      "date": "Jun 25",
      "day": "Thursday",
      "name": "Nirjala Ekadashi",
      "type": "Regional"
    },
    {
      "date": "Jun 26",
      "day": "Tuesday",
      "name": "Muharram",
      "type": "Regional"
    },
    {
      "date": "Jun 29",
      "day": "Monday",
      "name": "Death Anniversary of Maharaja Ranjit Singh Ji / Kabir",
      "type": "Regional"
    },
    {
      "date": "Jul 31",
      "day": "Friday",
      "name": "Martyrdom day of Shaheed Uddham Singh Ji",
      "type": "Regional"
    },
    {
      "date": "Aug 15",
      "day": "Saturday",
      "name": "Independence Day",
      "type": "National"
    },
    {
      "date": "Aug 26",
      "day": "Wednesday",
      "name": "Milad-un-Nabi or Id-e-Milad",
      "type": "Regional"
    },
    {
      "date": "Sep 4",
      "day": "Friday",
      "name": "Janam Ashtami",
      "type": "Regional"
    },
    {
      "date": "Sep 5",
      "day": "Saturday",
      "name": "Birthday of Baba Jiwan Singh Ji",
      "type": "Regional"
    },
    {
      "date": "Sep 12",
      "day": "Saturday",
      "name": "First Prakash Sri Guru Granth Saheb Ji / Saragarhi Day",
      "type": "Regional"
    },
    {
      "date": "Sep 15",
      "day": "Tuesday",
      "name": "Samvtsari Day",
      "type": "Regional"
    },
    {
      "date": "Sep 20",
      "day": "Sunday",
      "name": "Birthday of Baba Sri Chand Ji",
      "type": "Regional"
    },
    {
      "date": "Sep 25",
      "day": "Friday",
      "name": "Anant Chaturdashi",
      "type": "Regional"
    },
    {
      "date": "Sep 28",
      "day": "Monday",
      "name": "Birthday of S. Bhagat Singh Ji",
      "type": "Regional"
    },
    {
      "date": "Oct 2",
      "day": "Friday",
      "name": "Mahatma Gandhi Jayanti",
      "type": "National"
    },
    {
      "date": "Oct 11",
      "day": "Sunday",
      "name": "Maharaja Agrasen Jayanti",
      "type": "Regional"
    },
    {
      "date": "Oct 16",
      "day": "Friday",
      "name": "Birthday of Baba Banda Singh Ji Bahadur",
      "type": "Regional"
    },
    {
      "date": "Oct 20",
      "day": "Tuesday",
      "name": "Dussehra",
      "type": "Regional"
    },
    {
      "date": "Oct 26",
      "day": "Monday",
      "name": "Birthday of Maharshi Valmiki Ji",
      "type": "Regional"
    },
    {
      "date": "Oct 27",
      "day": "Tuesday",
      "name": "Prakash Gurpurb Sri Guru Ramdas Sahib Ji",
      "type": "Regional"
    },
    {
      "date": "Oct 29",
      "day": "Thursday",
      "name": "Karva Chauth",
      "type": "Regional"
    },
    {
      "date": "Nov 1",
      "day": "Sunday",
      "name": "Nawan Punjab Day",
      "type": "Regional"
    },
    {
      "date": "Nov 8",
      "day": "Sunday",
      "name": "Diwali",
      "type": "Regional"
    },
    {
      "date": "Nov 9",
      "day": "Monday",
      "name": "Goverdhan Puja  / Viswakarma Day",
      "type": "Regional"
    },
    {
      "date": "Nov 11",
      "day": "Wednesday",
      "name": "Gurgaddi Diwas Sri Guru Granth Sahib Ji",
      "type": "Regional"
    },
    {
      "date": "Nov 15",
      "day": "Sunday",
      "name": "Chhath Puja",
      "type": "Regional"
    },
    {
      "date": "Nov 16",
      "day": "Monday",
      "name": "Martyrdom Day of S. Kartar Singh Sarabha Ji",
      "type": "Regional"
    },
    {
      "date": "Nov 20",
      "day": "Friday",
      "name": "Birthday of Sant Namdev Ji",
      "type": "Regional"
    },
    {
      "date": "Nov 24",
      "day": "Tuesday",
      "name": "Gurpurb Sahib Sri Guru Nanak Dev Ji",
      "type": "Regional"
    },
    {
      "date": "Dec 14",
      "day": "Monday",
      "name": "Martyrdom Day of Sri Guru Tegh Bahadur Ji",
      "type": "Regional"
    },
    {
      "date": "Dec 25",
      "day": "Friday",
      "name": "Christmas Day",
      "type": "Regional"
    },
    {
      "date": "Dec 28",
      "day": "Monday",
      "name": "Shahidi Sabha, Sri Fatehgarh Sahib",
      "type": "Regional"
    }
  ],
  "pdf": "https://www.datocms-assets.com/40521/1765894948-punjab-list-of-holidays-2026.pdf"
}
