{
  "state": "Rajasthan",
  "meta": {
    "title": "Public Holidays in Rajasthan 2026 | State Holiday List",
    "description": "Check the complete list of holidays in Rajasthan, Including national, state, and optional holidays for payroll and leave planning."
  },
  "h1": "Rajasthan Public Holidays List 2026",
  "para": "Holidays are spread through different regions, calendars and ethnicities; In Rajasthan they play a critical role in shaping workforce planning and operational continuity. Holidays influence attendance, staffing requirements, and employee expectations throughout the year. Many organizations operate from multiple locations and not only from Rajasthan which makes managing public holidays difficult, especially when it varies from region to region. Tackling public holidays is essential to ensure fairness, compliance, and consistency, while balancing business needs with employee well-being.",
  "holidays": [
    {
      "date": "Date",
      "day": "Day",
      "name": "Holiday",
      "type": "Holiday Type"
    },
    {
      "date": "Jan 25",
      "day": "Sunday",
      "name": "Deonarayan Jayanti",
      "type": "Regional"
    },
    {
      "date": "Jan 26",
      "day": "Monday",
      "name": "Republic Day",
      "type": "National"
    },
    {
      "date": "Feb 15",
      "day": "Sunday",
      "name": "Maha Shivratri",
      "type": "Regional"
    },
    {
      "date": "Mar 2",
      "day": "Monday",
      "name": "Holika Dahan",
      "type": "Regional"
    },
    {
      "date": "Mar 3",
      "day": "Tuesday",
      "name": "Dhulandi",
      "type": "Regional"
    },
    {
      "date": "Mar 20",
      "day": "Friday",
      "name": "Cheti Chand",
      "type": "Regional"
    },
    {
      "date": "Mar 21",
      "day": "Saturday",
      "name": "Id-Ul-Fitr",
      "type": "Regional"
    },
    {
      "date": "Mar 26",
      "day": "Thursday",
      "name": "Ram Navami",
      "type": "Regional"
    },
    {
      "date": "Mar 31",
      "day": "Tuesday",
      "name": "Mahavir Jayanti",
      "type": "Regional"
    },
    {
      "date": "Apr 3",
      "day": "Friday",
      "name": "Good Friday",
      "type": "Regional"
    },
    {
      "date": "Apr 11",
      "day": "Saturday",
      "name": "Mahatma Jyotibha Phule Jayanti",
      "type": "Regional"
    },
    {
      "date": "Apr 14",
      "day": "Tuesday",
      "name": "Ambedkar Jayanti",
      "type": "Regional"
    },
    {
      "date": "Apr 19",
      "day": "Sunday",
      "name": "Parshuram Jayanti",
      "type": "Regional"
    },
    {
      "date": "May 1",
      "day": "Friday",
      "name": "May Day",
      "type": "Regional"
    },
    {
      "date": "May 28",
      "day": "Thursday",
      "name": "Id-ul-Zuha (Bakrid)",
      "type": "Regional"
    },
    {
      "date": "Jun 17",
      "day": "Wednesday",
      "name": "Maharana Pratap Jayanti",
      "type": "Regional"
    },
    {
      "date": "Jun 26",
      "day": "Friday",
      "name": "Muharram",
      "type": "Regional"
    },
    {
      "date": "Aug 9",
      "day": "Sunday",
      "name": "World Tribal Day",
      "type": "Regional"
    },
    {
      "date": "Aug 15",
      "day": "Saturday",
      "name": "Independence Day",
      "type": "National"
    },
    {
      "date": "Aug 26",
      "day": "Wednesday",
      "name": "Barawafat",
      "type": "Regional"
    },
    {
      "date": "Aug 28",
      "day": "Friday",
      "name": "Raksha Bandhan",
      "type": "Regional"
    },
    {
      "date": "Sep 4",
      "day": "Friday",
      "name": "Krishna Janmashtami",
      "type": "Regional"
    },
    {
      "date": "Sep 21",
      "day": "Monday",
      "name": "Ramdev Jayanti, Teja Dashami & Khejadi Shahid Diwas",
      "type": "Regional"
    },
    {
      "date": "Oct 2",
      "day": "Friday",
      "name": "Gandhi Jayanti",
      "type": "National"
    },
    {
      "date": "Oct 11",
      "day": "Sunday",
      "name": "Navratra Sthapana & Maharaja Agrasen Jayanti",
      "type": "Regional"
    },
    {
      "date": "Oct 19",
      "day": "Monday",
      "name": "Durga Ashtami",
      "type": "Regional"
    },
    {
      "date": "Oct 20",
      "day": "Tuesday",
      "name": "Vijaya Dashami",
      "type": "Regional"
    },
    {
      "date": "Nov 8",
      "day": "Sunday",
      "name": "Deepawali",
      "type": "Regional"
    },
    {
      "date": "Nov 9",
      "day": "Monday",
      "name": "Govardhan Puja",
      "type": "Regional"
    },
    {
      "date": "Nov 11",
      "day": "Wednesday",
      "name": "Bhai Dooj",
      "type": "Regional"
    },
    {
      "date": "Nov 24",
      "day": "Tuesday",
      "name": "Guru Nanak Jayanti",
      "type": "Regional"
    },
    {
      "date": "Dec 25",
      "day": "Friday",
      "name": "Christmas Day",
      "type": "Regional"
    }
  ],
  "pdf": "https://www.datocms-assets.com/40521/1764178563-rajasthan-state-list-of-holidays-2026.pdf"
}
