{
  "state": "Sikkim",
  "meta": {
    "title": "Public Holidays in Sikkim 2026 | State Holiday List",
    "description": "Check the complete list of holidays in Sikkim, Including national, state, and optional holidays for payroll and leave planning."
  },
  "h1": "Sikkim Public Holidays List 2026",
  "para": "Holidays are spread through different regions, calendars and ethnicities; In Sikkim they play a critical role in shaping workforce planning and operational continuity. Holidays influence attendance, staffing requirements, and employee expectations throughout the year. Many organizations operate from multiple locations and not only from Sikkim which makes managing public holidays difficult, especially when it varies from region to region. Tackling public holidays is essential to ensure fairness, compliance, and consistency, while balancing business needs with employee well-being.",
  "holidays": [
    {
      "date": "Date",
      "day": "Day",
      "name": "Holiday",
      "type": "Holiday Type"
    },
    {
      "date": "Jan 1",
      "day": "Thursday",
      "name": "New Year's Day",
      "type": "Optional"
    },
    {
      "date": "Jan 15",
      "day": "Thursday",
      "name": "Maghe Sankranti",
      "type": "Regional"
    },
    {
      "date": "Jan 19",
      "day": "Monday",
      "name": "Sonam Lochhar",
      "type": "Optional"
    },
    {
      "date": "Jan 26",
      "day": "Monday",
      "name": "Republic Day",
      "type": "National"
    },
    {
      "date": "Feb 18",
      "day": "Wednesday",
      "name": "Losar",
      "type": "Regional"
    },
    {
      "date": "Feb 26",
      "day": "Thursday",
      "name": "Akhil Sikkim Khas Chettri Bahun Kalyan Sangh's Foundation Day",
      "type": "Regional"
    },
    {
      "date": "Mar 3",
      "day": "Tuesday",
      "name": "Holi",
      "type": "Regional"
    },
    {
      "date": "Mar 20",
      "day": "Friday",
      "name": "Id-Ul-Fitr",
      "type": "Regional"
    },
    {
      "date": "Apr 3",
      "day": "Friday",
      "name": "Good Friday",
      "type": "Regional"
    },
    {
      "date": "Apr 14",
      "day": "Tuesday",
      "name": "Ambedkar Jayanti",
      "type": "Regional"
    },
    {
      "date": "May 28",
      "day": "Thursday",
      "name": "Id-ul-Zuha (Bakrid)",
      "type": "Regional"
    },
    {
      "date": "Jun 4",
      "day": "Thursday",
      "name": "Saga Dawa",
      "type": "Regional"
    },
    {
      "date": "Jun 15",
      "day": "Monday",
      "name": "Bhanu Jayanti",
      "type": "Regional"
    },
    {
      "date": "Jul 9",
      "day": "Thursday",
      "name": "Guru Purnima",
      "type": "Regional"
    },
    {
      "date": "Aug 15",
      "day": "Saturday",
      "name": "Independence Day",
      "type": "National"
    },
    {
      "date": "Aug 17",
      "day": "Monday",
      "name": "Tizong Lho-Rum-Faat",
      "type": "Regional"
    },
    {
      "date": "Aug 26",
      "day": "Wednesday",
      "name": "Indrajata",
      "type": "Regional"
    },
    {
      "date": "Sep 2",
      "day": "Wednesday",
      "name": "Pang Lhabsol",
      "type": "Regional"
    },
    {
      "date": "Sep 4",
      "day": "Friday",
      "name": "Janmashtami",
      "type": "Regional"
    },
    {
      "date": "Sep 18",
      "day": "Friday",
      "name": "Kagyed Dance",
      "type": "Regional"
    },
    {
      "date": "Sep 25",
      "day": "Friday",
      "name": "Dasain",
      "type": "Regional"
    },
    {
      "date": "Sep 26",
      "day": "Saturday",
      "name": "Dasain",
      "type": "Regional"
    },
    {
      "date": "Sep 27",
      "day": "Sunday",
      "name": "Dasain",
      "type": "Regional"
    },
    {
      "date": "Sep 28",
      "day": "Monday",
      "name": "Dasain",
      "type": "Regional"
    },
    {
      "date": "Oct 2",
      "day": "Friday",
      "name": "Gandhi Jayanti",
      "type": "National"
    },
    {
      "date": "Oct 13",
      "day": "Tuesday",
      "name": "Tihar / Laxmi Puja",
      "type": "Regional"
    },
    {
      "date": "Oct 16",
      "day": "Friday",
      "name": "Bhatri Dwitya",
      "type": "Regional"
    },
    {
      "date": "Nov 2",
      "day": "Monday",
      "name": "All Souls Day",
      "type": "Regional"
    },
    {
      "date": "Nov 24",
      "day": "Tuesday",
      "name": "Guru Nanak Jayanti",
      "type": "Regional"
    },
    {
      "date": "Dec 10",
      "day": "Thursday",
      "name": "Lhabab Dhuechen",
      "type": "Regional"
    },
    {
      "date": "Dec 11",
      "day": "Friday",
      "name": "Tendong Lho-Rum-Faat",
      "type": "Regional"
    },
    {
      "date": "Dec 15",
      "day": "Tuesday",
      "name": "Chasok Tongnam",
      "type": "Regional"
    },
    {
      "date": "Dec 16",
      "day": "Wednesday",
      "name": "Nyengpa Guzom",
      "type": "Regional"
    },
    {
      "date": "Dec 23",
      "day": "Wednesday",
      "name": "Puhgal Parim / Teyongsi Sirijunga Sawan Tongnam",
      "type": "Regional"
    },
    {
      "date": "Dec 25",
      "day": "Friday",
      "name": "Christmas",
      "type": "Regional"
    },
    {
      "date": "Dec 28",
      "day": "Monday",
      "name": "Barahimijong",
      "type": "Regional"
    },
    {
      "date": "Dec 30",
      "day": "Wednesday",
      "name": "Tamu Lochar",
      "type": "Regional"
    }
  ],
  "pdf": "https://www.datocms-assets.com/40521/1764178563-sikkim-state-list-of-holidays-2026.pdf"
}
