{
  "state": "Tamil Nadu",
  "meta": {
    "title": "Public Holidays in Tamil Nadu 2026 | State Holiday List",
    "description": "Check the complete list of holidays in Tamil Nadu, Including national, state, and optional holidays for payroll and leave planning."
  },
  "h1": "Tamil Nadu Public Holidays List 2026",
  "para": "Holidays are spread through different regions, calendars and ethnicities; In Tamil Nadu they play a critical role in shaping workforce planning and operational continuity. Holidays influence attendance, staffing requirements, and employee expectations throughout the year. Many organizations operate from multiple locations and not only from Tamil Nadu which makes managing public holidays difficult, especially when it varies from region to region. Tackling public holidays is essential to ensure fairness, compliance, and consistency, while balancing business needs with employee well-being.",
  "holidays": [
    {
      "date": "Date",
      "day": "Day",
      "name": "Holiday",
      "type": "Holiday Type"
    },
    {
      "date": "Jan 1",
      "day": "Thursday",
      "name": "New Year's Day",
      "type": "Public Holiday"
    },
    {
      "date": "Jan 15",
      "day": "Thursday",
      "name": "Pongal",
      "type": "Public Holiday"
    },
    {
      "date": "Jan 16",
      "day": "Friday",
      "name": "Thiruvalluvar Day",
      "type": "Public Holiday"
    },
    {
      "date": "Jan 17",
      "day": "Saturday",
      "name": "Uzhavar Thirunal",
      "type": "Public Holiday"
    },
    {
      "date": "Jan 26",
      "day": "Monday",
      "name": "Republic Day",
      "type": "Public Holiday"
    },
    {
      "date": "Feb 1",
      "day": "Sunday",
      "name": "Thai Poosam",
      "type": "Public Holiday"
    },
    {
      "date": "Mar 19",
      "day": "Thursday",
      "name": "Telugu New Year's Day",
      "type": "Public Holiday"
    },
    {
      "date": "Mar 21",
      "day": "Saturday",
      "name": "Ramzan (Idul Fitr)",
      "type": "Public Holiday"
    },
    {
      "date": "Mar 31",
      "day": "Tuesday",
      "name": "Mahaveer Jayanthi",
      "type": "Public Holiday"
    },
    {
      "date": "Apr 3",
      "day": "Friday",
      "name": "Good Friday",
      "type": "Public Holiday"
    },
    {
      "date": "Apr 14",
      "day": "Tuesday",
      "name": "Tamil New Year / Dr. B. R. Ambedkar Jayanti",
      "type": "Public Holiday"
    },
    {
      "date": "May 1",
      "day": "Friday",
      "name": "May Day",
      "type": "Public Holiday"
    },
    {
      "date": "May 28",
      "day": "Thursday",
      "name": "Bakrid (Idul Azha)",
      "type": "Public Holiday"
    },
    {
      "date": "Jun 26",
      "day": "Friday",
      "name": "Muharram",
      "type": "Public Holiday"
    },
    {
      "date": "Aug 15",
      "day": "Saturday",
      "name": "Independence Day",
      "type": "Public Holiday"
    },
    {
      "date": "Aug 26",
      "day": "Wednesday",
      "name": "Milad-un-Nabi",
      "type": "Public Holiday"
    },
    {
      "date": "Sep 4",
      "day": "Friday",
      "name": "Krishna Jayanthi",
      "type": "Public Holiday"
    },
    {
      "date": "Sep 14",
      "day": "Monday",
      "name": "Vinayakar Chathurthi",
      "type": "Public Holiday"
    },
    {
      "date": "Oct 2",
      "day": "Friday",
      "name": "Gandhi Jayanthi",
      "type": "Public Holiday"
    },
    {
      "date": "Oct 19",
      "day": "Monday",
      "name": "Ayutha Pooja",
      "type": "Public Holiday"
    },
    {
      "date": "Oct 20",
      "day": "Tuesday",
      "name": "Vijaya Dasami",
      "type": "Public Holiday"
    },
    {
      "date": "Nov 8",
      "day": "Sunday",
      "name": "Deepavali",
      "type": "Public Holiday"
    },
    {
      "date": "Dec 25",
      "day": "Friday",
      "name": "Christmas",
      "type": "Public Holiday"
    }
  ],
  "pdf": "https://www.datocms-assets.com/40521/1763554309-tamil-nadu-list-of-holidays-2026.pdf"
}
