{
  "state": "Telangana",
  "meta": {
    "title": "Public Holidays in Telangana 2026 | State Holiday List",
    "description": "Check the complete list of holidays in Telangana, Including national, state, and optional holidays for payroll and leave planning."
  },
  "h1": "Telangana Public Holidays List 2026",
  "para": "Holidays are spread through different regions, calendars and ethnicities; In Telangana they play a critical role in shaping workforce planning and operational continuity. Holidays influence attendance, staffing requirements, and employee expectations throughout the year. Many organizations operate from multiple locations and not only from Telangana which makes managing public holidays difficult, especially when it varies from region to region. Tackling public holidays is essential to ensure fairness, compliance, and consistency, while balancing business needs with employee well-being.",
  "holidays": [
    {
      "date": "Date",
      "day": "Day",
      "name": "Holiday",
      "type": "Holiday Type"
    },
    {
      "date": "Jan 1",
      "day": "Thursday",
      "name": "New Year's Day",
      "type": "Optional Holiday"
    },
    {
      "date": "Jan 14",
      "day": "Wednesday",
      "name": "Bhogi",
      "type": "General Holiday"
    },
    {
      "date": "Jan 15",
      "day": "Thursday",
      "name": "Sankranti / Pongal",
      "type": "General Holiday"
    },
    {
      "date": "Jan 16",
      "day": "Friday",
      "name": "Kanumu",
      "type": "Optional Holiday"
    },
    {
      "date": "Jan 26",
      "day": "Monday",
      "name": "Republic Day",
      "type": "General Holiday"
    },
    {
      "date": "Feb 15",
      "day": "Sunday",
      "name": "Maha Shivaratri",
      "type": "General Holiday"
    },
    {
      "date": "Mar 3",
      "day": "Tuesday",
      "name": "Holi",
      "type": "General Holiday"
    },
    {
      "date": "Mar 19",
      "day": "Thursday",
      "name": "Ugadi",
      "type": "General Holiday"
    },
    {
      "date": "Mar 21",
      "day": "Saturday",
      "name": "Eid ul Fitr (Ramzan)",
      "type": "General Holiday"
    },
    {
      "date": "Mar 27",
      "day": "Friday",
      "name": "Sri Rama Navami",
      "type": "General Holiday"
    },
    {
      "date": "Mar 31",
      "day": "Tuesday",
      "name": "Mahavir Jayanti",
      "type": "Optional Holiday"
    },
    {
      "date": "Apr 3",
      "day": "Friday",
      "name": "Good Friday",
      "type": "General Holiday"
    },
    {
      "date": "Apr 14",
      "day": "Tuesday",
      "name": "Dr. B.R. Ambedkar's Birthday",
      "type": "General Holiday"
    },
    {
      "date": "May 1",
      "day": "Friday",
      "name": "Buddha Purnima",
      "type": "Optional Holiday"
    },
    {
      "date": "May 27",
      "day": "Wednesday",
      "name": "Eid ul Azha (Bakrid)",
      "type": "General Holiday"
    },
    {
      "date": "Jun 26",
      "day": "Friday",
      "name": "Shahadat Imam Hussain (R.A.) / 10th Moharam",
      "type": "General Holiday"
    },
    {
      "date": "Aug 10",
      "day": "Monday",
      "name": "Bonalu",
      "type": "General Holiday"
    },
    {
      "date": "Aug 15",
      "day": "Saturday",
      "name": "Independence Day",
      "type": "General Holiday"
    },
    {
      "date": "Aug 26",
      "day": "Wednesday",
      "name": "Eid Milad un Nabi",
      "type": "General Holiday"
    },
    {
      "date": "Sep 4",
      "day": "Friday",
      "name": "Sri Krishna Astami",
      "type": "General Holiday"
    },
    {
      "date": "Sep 14",
      "day": "Monday",
      "name": "Vinayaka Chavithi",
      "type": "General Holiday"
    },
    {
      "date": "Oct 2",
      "day": "Friday",
      "name": "Mahatma Gandhi Jayanti",
      "type": "General Holiday"
    },
    {
      "date": "Oct 20",
      "day": "Tuesday",
      "name": "Vijaya Dasami (Dussehra)",
      "type": "General Holiday"
    },
    {
      "date": "Oct 21",
      "day": "Wednesday",
      "name": "Following day of Vijaya Dasami",
      "type": "General Holiday"
    },
    {
      "date": "Nov 8",
      "day": "Sunday",
      "name": "Deepavali",
      "type": "General Holiday"
    },
    {
      "date": "Nov 24",
      "day": "Tuesday",
      "name": "Kartika Purnima / Guru Nanak Jayanti",
      "type": "General Holiday"
    },
    {
      "date": "Dec 25",
      "day": "Friday",
      "name": "Christmas",
      "type": "General Holiday"
    }
  ],
  "pdf": "https://www.datocms-assets.com/40521/1765894702-telangana-list-of-holidays-2026.pdf"
}
