{
  "state": "Uttar Pradesh",
  "meta": {
    "title": "Public Holidays in Uttar Pradesh 2026 | State Holiday List",
    "description": "Check the complete list of holidays in Uttar Pradesh, Including national, state, and optional holidays for payroll and leave planning."
  },
  "h1": "Uttar Pradesh Public Holidays List 2026",
  "para": "Holidays are spread through different regions, calendars and ethnicities; In Uttar Pradesh they play a critical role in shaping workforce planning and operational continuity. Holidays influence attendance, staffing requirements, and employee expectations throughout the year. Many organizations operate from multiple locations and not only from Uttar Pradesh which makes managing public holidays difficult, especially when it varies from region to region. Tackling public holidays is essential to ensure fairness, compliance, and consistency, while balancing business needs with employee well-being.",
  "holidays": [
    {
      "date": "Date",
      "day": "Day",
      "name": "Holiday",
      "type": "Holiday Type"
    },
    {
      "date": "Jan 1",
      "day": "Thursday",
      "name": "New Year's Day",
      "type": "Regional"
    },
    {
      "date": "Jan 3",
      "day": "Saturday",
      "name": "Hazrat Ali's Birthday",
      "type": "Regional"
    },
    {
      "date": "Jan 5",
      "day": "Monday",
      "name": "Guru Govind Singh Jayanti",
      "type": "Regional"
    },
    {
      "date": "Jan 14",
      "day": "Wednesday",
      "name": "Makar Sankranti",
      "type": "Regional"
    },
    {
      "date": "Jan 23",
      "day": "Friday",
      "name": "Basant Panchami",
      "type": "Regional"
    },
    {
      "date": "Jan 24",
      "day": "Saturday",
      "name": "Jannayak Karpoori Thakur Birthday",
      "type": "Regional"
    },
    {
      "date": "Jan 26",
      "day": "Monday",
      "name": "Republic Day",
      "type": "National"
    },
    {
      "date": "Feb 1",
      "day": "Sunday",
      "name": "Sant Ravidas Jayanti",
      "type": "Regional"
    },
    {
      "date": "Feb 4",
      "day": "Wednesday",
      "name": "Shab-e-Barat",
      "type": "Regional"
    },
    {
      "date": "Feb 15",
      "day": "Sunday",
      "name": "Maha Shivaratri",
      "type": "Regional"
    },
    {
      "date": "Mar 2",
      "day": "Monday",
      "name": "Holika Dahan",
      "type": "Regional"
    },
    {
      "date": "Mar 4",
      "day": "Wednesday",
      "name": "Holi",
      "type": "Regional"
    },
    {
      "date": "Mar 5",
      "day": "Thursday",
      "name": "Holi Next day",
      "type": "Regional"
    },
    {
      "date": "Mar 13",
      "day": "Friday",
      "name": "Jamat-ul-Vida (Alvida) / Last Friday of Ramzan",
      "type": "Regional"
    },
    {
      "date": "Mar 19",
      "day": "Thursday",
      "name": "Cheti Chand",
      "type": "Regional"
    },
    {
      "date": "Mar 21",
      "day": "Saturday",
      "name": "Eid-ul-Fitr",
      "type": "Regional"
    },
    {
      "date": "Mar 26",
      "day": "Thursday",
      "name": "Ram Navami",
      "type": "Regional"
    },
    {
      "date": "Mar 31",
      "day": "Tuesday",
      "name": "Mahavir Jayanti",
      "type": "Regional"
    },
    {
      "date": "Apr 1",
      "day": "Wednesday",
      "name": "Commercial Banks' Annual Closing",
      "type": "Regional"
    },
    {
      "date": "Apr 3",
      "day": "Friday",
      "name": "Good Friday",
      "type": "Regional"
    },
    {
      "date": "Apr 4",
      "day": "Saturday",
      "name": "Easter Saturday",
      "type": "Regional"
    },
    {
      "date": "Apr 5",
      "day": "Sunday",
      "name": "Maharishi Kashyap & Maharaja Nishad Guhya Jayanti",
      "type": "Regional"
    },
    {
      "date": "Apr 6",
      "day": "Monday",
      "name": "Easter Monday",
      "type": "Regional"
    },
    {
      "date": "Apr 14",
      "day": "Tuesday",
      "name": "Dr. Bhimrao Ambedkar's Birthday",
      "type": "Regional"
    },
    {
      "date": "Apr 17",
      "day": "Friday",
      "name": "Chandrashekhar Jayanti",
      "type": "Regional"
    },
    {
      "date": "Apr 19",
      "day": "Sunday",
      "name": "Parshuram Jayanti",
      "type": "Regional"
    },
    {
      "date": "May 1",
      "day": "Friday",
      "name": "Buddha Purnima",
      "type": "Regional"
    },
    {
      "date": "May 9",
      "day": "Saturday",
      "name": "Lok Nayak Maharana Pratap Jayanti",
      "type": "Regional"
    },
    {
      "date": "May 27",
      "day": "Wednesday",
      "name": "Eid-uz-Zuha (Bakrid)",
      "type": "Regional"
    },
    {
      "date": "May 28",
      "day": "Thursday",
      "name": "Eid-uz-Zuha (Bakrid) Next day",
      "type": "Regional"
    },
    {
      "date": "Jun 25",
      "day": "Thursday",
      "name": "Muharram",
      "type": "Regional"
    },
    {
      "date": "Jun 26",
      "day": "Friday",
      "name": "Muharram",
      "type": "Regional"
    },
    {
      "date": "Aug 4",
      "day": "Tuesday",
      "name": "Chehllum",
      "type": "Regional"
    },
    {
      "date": "Aug 15",
      "day": "Saturday",
      "name": "Independence Day",
      "type": "National"
    },
    {
      "date": "Aug 26",
      "day": "Wednesday",
      "name": "Eid-e-Milad / Barawafat",
      "type": "Regional"
    },
    {
      "date": "Aug 28",
      "day": "Friday",
      "name": "Raksha Bandhan",
      "type": "Regional"
    },
    {
      "date": "Sep 4",
      "day": "Friday",
      "name": "Janmashtami",
      "type": "Regional"
    },
    {
      "date": "Sep 17",
      "day": "Thursday",
      "name": "Vishwakarma Puja",
      "type": "Regional"
    },
    {
      "date": "Sep 25",
      "day": "Friday",
      "name": "Anant Chaturdashi",
      "type": "Regional"
    },
    {
      "date": "Oct 2",
      "day": "Friday",
      "name": "Mahatma Gandhi Jayanti",
      "type": "National"
    },
    {
      "date": "Oct 11",
      "day": "Sunday",
      "name": "Maharaja Agrasen Jayanti",
      "type": "Regional"
    },
    {
      "date": "Oct 19",
      "day": "Monday",
      "name": "Dussehra (Maha Ashtami)",
      "type": "Regional"
    },
    {
      "date": "Oct 20",
      "day": "Tuesday",
      "name": "Dussehra (Mahanavami) / Vijayadashmi",
      "type": "Regional"
    },
    {
      "date": "Oct 26",
      "day": "Monday",
      "name": "Maharishi Valmiki / Sardar Vallabhbhai Patel & Acharya Narendra Dev Jayanti",
      "type": "Regional"
    },
    {
      "date": "Oct 31",
      "day": "Saturday",
      "name": "Narak Chaturdashi",
      "type": "Regional"
    },
    {
      "date": "Nov 8",
      "day": "Sunday",
      "name": "Deepawali",
      "type": "Regional"
    },
    {
      "date": "Nov 9",
      "day": "Monday",
      "name": "Govardhan Puja",
      "type": "Regional"
    },
    {
      "date": "Nov 11",
      "day": "Wednesday",
      "name": "Bhaiyaduj / Chitragupt Jayanti",
      "type": "Regional"
    },
    {
      "date": "Nov 15",
      "day": "Sunday",
      "name": "Chhath Puja Parv",
      "type": "Regional"
    },
    {
      "date": "Nov 16",
      "day": "Monday",
      "name": "Veerangana Uda Devi Shaheed Diwas",
      "type": "Regional"
    },
    {
      "date": "Nov 24",
      "day": "Tuesday",
      "name": "Guru Nanak Jayanti / Kartik Purnima / Guru Tegh Bahadur Shaheed Diwas",
      "type": "Regional"
    },
    {
      "date": "Dec 16",
      "day": "Wednesday",
      "name": "Urs of Hazrat Khwaja Muinuddin Chishti Ajmeri Garib Nawaz R.A.",
      "type": "Regional"
    },
    {
      "date": "Dec 23",
      "day": "Wednesday",
      "name": "Chaudhary Charan Singh's Birthday",
      "type": "Regional"
    },
    {
      "date": "Dec 25",
      "day": "Friday",
      "name": "Christmas-Day",
      "type": "Regional"
    }
  ],
  "pdf": "https://www.datocms-assets.com/40521/1765193621-uttar-pradesh-state-list-of-holidays-2026.pdf"
}
