{
  "state": "West Bengal",
  "meta": {
    "title": "Public Holidays in West Bengal 2026 | State Holiday List",
    "description": "Check the complete list of holidays in West Bengal, Including national, state, and optional holidays for payroll and leave planning."
  },
  "h1": "West Bengal Public Holidays List 2026",
  "para": "Holidays are spread through different regions, calendars and ethnicities; In West Bengal they play a critical role in shaping workforce planning and operational continuity. Holidays influence attendance, staffing requirements, and employee expectations throughout the year. Many organizations operate from multiple locations and not only from West Bengal which makes managing public holidays difficult, especially when it varies from region to region. Tackling public holidays is essential to ensure fairness, compliance, and consistency, while balancing business needs with employee well-being.",
  "holidays": [
    {
      "date": "Date",
      "day": "Day",
      "name": "Holiday",
      "type": "Holiday Type"
    },
    {
      "date": "Jan 1",
      "day": "Thursday",
      "name": "New Year's Day",
      "type": "Regional"
    },
    {
      "date": "Jan 12",
      "day": "Monday",
      "name": "Birthday of Swami Vivekananda",
      "type": "Regional"
    },
    {
      "date": "Jan 23",
      "day": "Friday",
      "name": "Netaji's Birthday / Saraswati Puja",
      "type": "Regional"
    },
    {
      "date": "Jan 26",
      "day": "Monday",
      "name": "Republic Day",
      "type": "National"
    },
    {
      "date": "Mar 3",
      "day": "Tuesday",
      "name": "Doljatra",
      "type": "Regional"
    },
    {
      "date": "Mar 21",
      "day": "Saturday",
      "name": "Eid-Ul-Fitr",
      "type": "Regional"
    },
    {
      "date": "Mar 26",
      "day": "Thursday",
      "name": "Ram Navami",
      "type": "Regional"
    },
    {
      "date": "Mar 31",
      "day": "Tuesday",
      "name": "Mahavir Jayanti",
      "type": "Regional"
    },
    {
      "date": "Apr 1",
      "day": "Wednesday",
      "name": "Yearly Closing of Bank Account",
      "type": "Regional"
    },
    {
      "date": "Apr 3",
      "day": "Friday",
      "name": "Good Friday",
      "type": "Regional"
    },
    {
      "date": "Apr 14",
      "day": "Tuesday",
      "name": "Birthday of Dr. B. R. Ambedkar",
      "type": "Regional"
    },
    {
      "date": "Apr 15",
      "day": "Wednesday",
      "name": "Bengali New Year's Day (Nababarsha)",
      "type": "Regional"
    },
    {
      "date": "May 1",
      "day": "Friday",
      "name": "Buddha Purnima",
      "type": "Regional"
    },
    {
      "date": "May 1",
      "day": "Friday",
      "name": "May Day",
      "type": "Regional"
    },
    {
      "date": "May 9",
      "day": "Saturday",
      "name": "Birthday of Rabindranath Tagore",
      "type": "Regional"
    },
    {
      "date": "May 27",
      "day": "Wednesday",
      "name": "Id-Ud-Zoha (Bakrid)",
      "type": "Regional"
    },
    {
      "date": "Jun 26",
      "day": "Friday",
      "name": "Muharram",
      "type": "Regional"
    },
    {
      "date": "Aug 15",
      "day": "Saturday",
      "name": "Independence Day",
      "type": "National"
    },
    {
      "date": "Sep 4",
      "day": "Friday",
      "name": "Janmastami",
      "type": "Regional"
    },
    {
      "date": "Oct 2",
      "day": "Friday",
      "name": "Birthday of Gandhiji",
      "type": "National"
    },
    {
      "date": "Oct 10",
      "day": "Saturday",
      "name": "Mahalaya",
      "type": "Regional"
    },
    {
      "date": "Oct 19",
      "day": "Monday",
      "name": "Durga Puja, Maha Astami",
      "type": "Regional"
    },
    {
      "date": "Oct 20",
      "day": "Tuesday",
      "name": "Durga Puja, Maha Nabami",
      "type": "Regional"
    },
    {
      "date": "Oct 21",
      "day": "Wednesday",
      "name": "Durga Puja, Dasami",
      "type": "Regional"
    },
    {
      "date": "Nov 11",
      "day": "Wednesday",
      "name": "Bhratridwitiya",
      "type": "Regional"
    },
    {
      "date": "Nov 24",
      "day": "Tuesday",
      "name": "Birthday of Guru Nanak",
      "type": "Regional"
    },
    {
      "date": "Dec 25",
      "day": "Friday",
      "name": "Christmas Day",
      "type": "Regional"
    }
  ],
  "pdf": "https://www.datocms-assets.com/40521/1765193622-west-bengal-state-list-of-holidays-2026.pdf"
}
